fecha;cod_municipio;municipio;cod_distrito;distrito;cod_barrio;barrio;num_personas;num_personas_hombres;num_personas_mujeres
1 de enero de 2026;28079;Madrid;1; Centro;11;Palacio;23.410;11.320;12.090
1 de enero de 2026;28079;Madrid;1; Centro;12;Embajadores;48.085;25.546;22.539
1 de enero de 2026;28079;Madrid;1; Centro;13;Cortes;10.740;5.365;5.375
1 de enero de 2026;28079;Madrid;1; Centro;14;Justicia;18.140;9.112;9.028
1 de enero de 2026;28079;Madrid;1; Centro;15;Universidad;33.326;16.532;16.794
1 de enero de 2026;28079;Madrid;1; Centro;16;Sol;8.099;4.185;3.914
1 de enero de 2026;28079;Madrid;2; Arganzuela;21;Imperial;24.313;11.384;12.929
1 de enero de 2026;28079;Madrid;2; Arganzuela;22;Acacias;36.069;16.667;19.402
1 de enero de 2026;28079;Madrid;2; Arganzuela;23;Chopera;20.366;9.316;11.050
1 de enero de 2026;28079;Madrid;2; Arganzuela;24;Legazpi;19.916;9.687;10.229
1 de enero de 2026;28079;Madrid;2; Arganzuela;25;Delicias;29.210;13.756;15.454
1 de enero de 2026;28079;Madrid;2; Arganzuela;26;Palos de la Frontera;25.737;12.063;13.674
1 de enero de 2026;28079;Madrid;2; Arganzuela;27;Atocha;2.939;1455;1484
1 de enero de 2026;28079;Madrid;3; Retiro;31;Pacífico;33.838;15.243;18.595
1 de enero de 2026;28079;Madrid;3; Retiro;32;Adelfas;18.892;8.750;10.142
1 de enero de 2026;28079;Madrid;3; Retiro;33;Estrella;22.692;10.434;12.258
1 de enero de 2026;28079;Madrid;3; Retiro;34;Ibiza;21.589;9.479;12.110
1 de enero de 2026;28079;Madrid;3; Retiro;35;Los Jerónimos;6.774;3.201;3.573
1 de enero de 2026;28079;Madrid;3; Retiro;36;Niño Jesús;15.078;6.865;8.213
1 de enero de 2026;28079;Madrid;4; Salamanca;41;Recoletos;15.223;6.877;8.346
1 de enero de 2026;28079;Madrid;4; Salamanca;42;Goya;29.627;12.817;16.810
1 de enero de 2026;28079;Madrid;4; Salamanca;43;Fuente del Berro;21.462;9.446;12.016
1 de enero de 2026;28079;Madrid;4; Salamanca;44;Guindalera;43.038;19.595;23.443
1 de enero de 2026;28079;Madrid;4; Salamanca;45;Lista;21.108;9.111;11.997
1 de enero de 2026;28079;Madrid;4; Salamanca;46;Castellana;16.798;7.347;9.451
1 de enero de 2026;28079;Madrid;5; Chamartín;51;El Viso;17.366;7.779;9.587
1 de enero de 2026;28079;Madrid;5; Chamartín;52;Prosperidad;36.910;16.521;20.389
1 de enero de 2026;28079;Madrid;5; Chamartín;53;Ciudad Jardín;18.807;8.397;10.410
1 de enero de 2026;28079;Madrid;5; Chamartín;54;Hispanoamérica;32.016;14.626;17.390
1 de enero de 2026;28079;Madrid;5; Chamartín;55;Nueva España;25.402;11.634;13.768
1 de enero de 2026;28079;Madrid;5; Chamartín;56;Castilla;17.592;8.261;9.331
1 de enero de 2026;28079;Madrid;6; Tetuán;61;Bellas Vistas;30.751;14.137;16.614
1 de enero de 2026;28079;Madrid;6; Tetuán;62;Cuatro Caminos;35.788;16.138;19.650
1 de enero de 2026;28079;Madrid;6; Tetuán;63;Castillejos;21.189;9.606;11.583
1 de enero de 2026;28079;Madrid;6; Tetuán;64;Almenara;24.271;11.345;12.926
1 de enero de 2026;28079;Madrid;6; Tetuán;65;Valdeacederas;28.641;13.414;15.227
1 de enero de 2026;28079;Madrid;6; Tetuán;66;Berruguete;27.136;12.229;14.907
1 de enero de 2026;28079;Madrid;7; Chamberí;71;Gaztambide;23.670;10.485;13.185
1 de enero de 2026;28079;Madrid;7; Chamberí;72;Arapiles;24.883;11.181;13.702
1 de enero de 2026;28079;Madrid;7; Chamberí;73;Trafalgar;25.114;11.358;13.756
1 de enero de 2026;28079;Madrid;7; Chamberí;74;Almagro;19.404;8.547;10.857
1 de enero de 2026;28079;Madrid;7; Chamberí;75;Ríos Rosas;28.065;12.391;15.674
1 de enero de 2026;28079;Madrid;7; Chamberí;76;Vallehermoso;20.386;8.922;11.464
1 de enero de 2026;28079;Madrid;8; Fuencarral-El Pardo;81;El Pardo;3.472;1.728;1.744
1 de enero de 2026;28079;Madrid;8; Fuencarral-El Pardo;82;Fuentelarreina;3.567;1.630;1.937
1 de enero de 2026;28079;Madrid;8; Fuencarral-El Pardo;83;Peñagrande;45.120;21.086;24.034
1 de enero de 2026;28079;Madrid;8; Fuencarral-El Pardo;84;Pilar;46.659;21.256;25.403
1 de enero de 2026;28079;Madrid;8; Fuencarral-El Pardo;85;La Paz;31.835;14.702;17.133
1 de enero de 2026;28079;Madrid;8; Fuencarral-El Pardo;86;Valverde;67.737;32.421;35.316
1 de enero de 2026;28079;Madrid;8; Fuencarral-El Pardo;87;Mirasierra;37.918;18.273;19.645
1 de enero de 2026;28079;Madrid;8; Fuencarral-El Pardo;88;El Goloso;19.729;9.799;9.930
1 de enero de 2026;28079;Madrid;9; Moncloa-Aravaca;91;Casa de Campo;13.530;6.463;7.067
1 de enero de 2026;28079;Madrid;9; Moncloa-Aravaca;92;Argüelles;24.802;11.359;13.443
1 de enero de 2026;28079;Madrid;9; Moncloa-Aravaca;93;Ciudad Universitaria;17.077;7.942;9.135
1 de enero de 2026;28079;Madrid;9; Moncloa-Aravaca;94;Valdezarza;31.799;14.700;17.099
1 de enero de 2026;28079;Madrid;9; Moncloa-Aravaca;95;Valdemarín;7.705;3.596;4.109
1 de enero de 2026;28079;Madrid;9; Moncloa-Aravaca;96;El Plantío;3.161;1.491;1.670
1 de enero de 2026;28079;Madrid;9; Moncloa-Aravaca;97;Aravaca;28.183;13.152;15.031
1 de enero de 2026;28079;Madrid;10; Latina;101;Los Cármenes;18.562;8.823;9.739
1 de enero de 2026;28079;Madrid;10; Latina;102;Puerta del Ángel;45.854;21.538;24.316
1 de enero de 2026;28079;Madrid;10; Latina;103;Lucero;38.150;17.859;20.291
1 de enero de 2026;28079;Madrid;10; Latina;104;Aluche;68.548;31.389;37.159
1 de enero de 2026;28079;Madrid;10; Latina;105;Campamento;20.742;9.595;11.147
1 de enero de 2026;28079;Madrid;10; Latina;106;Cuatro Vientos;7.057;3.510;3.547
1 de enero de 2026;28079;Madrid;10; Latina;107;Águilas;52.226;24.042;28.184
1 de enero de 2026;28079;Madrid;11; Carabanchel;111;Comillas;24.009;11.153;12.856
1 de enero de 2026;28079;Madrid;11; Carabanchel;112;Opañel;35.843;16.810;19.033
1 de enero de 2026;28079;Madrid;11; Carabanchel;113;San Isidro;42.556;20.283;22.273
1 de enero de 2026;28079;Madrid;11; Carabanchel;114;Vista Alegre;50.465;23.272;27.193
1 de enero de 2026;28079;Madrid;11; Carabanchel;115;Puerta Bonita;39.269;18.641;20.628
1 de enero de 2026;28079;Madrid;11; Carabanchel;116;Buenavista;52.523;25.434;27.089
1 de enero de 2026;28079;Madrid;11; Carabanchel;117;Abrantes;33.425;15.755;17.670
1 de enero de 2026;28079;Madrid;12; Usera;121;Orcasitas;23.677;11.203;12.474
1 de enero de 2026;28079;Madrid;12; Usera;122;Orcasur;15.036;7.255;7.781
1 de enero de 2026;28079;Madrid;12; Usera;123;San Fermín;24.705;11.809;12.896
1 de enero de 2026;28079;Madrid;12; Usera;124;Almendrales;24.801;11.823;12.978
1 de enero de 2026;28079;Madrid;12; Usera;125;Moscardó;28.874;13.754;15.120
1 de enero de 2026;28079;Madrid;12; Usera;126;Zofío;15.528;7.395;8.133
1 de enero de 2026;28079;Madrid;12; Usera;127;Pradolongo;20.316;9.910;10.406
1 de enero de 2026;28079;Madrid;13; Puente de Vallecas;131;Entrevías;37.773;18.270;19.503
1 de enero de 2026;28079;Madrid;13; Puente de Vallecas;132;San Diego;51.351;24.938;26.413
1 de enero de 2026;28079;Madrid;13; Puente de Vallecas;133;Palomeras Bajas;42.052;19.731;22.321
1 de enero de 2026;28079;Madrid;13; Puente de Vallecas;134;Palomeras Sureste;44.822;21.288;23.534
1 de enero de 2026;28079;Madrid;13; Puente de Vallecas;135;Portazgo;30.348;14.398;15.950
1 de enero de 2026;28079;Madrid;13; Puente de Vallecas;136;Numancia;51.578;24.834;26.744
1 de enero de 2026;28079;Madrid;14; Moratalaz;141;Pavones;9.111;4.191;4.920
1 de enero de 2026;28079;Madrid;14; Moratalaz;142;Horcajo;6.378;3.017;3.361
1 de enero de 2026;28079;Madrid;14; Moratalaz;143;Marroquina;26.140;12.016;14.124
1 de enero de 2026;28079;Madrid;14; Moratalaz;144;Media Legua;17.616;8.016;9.600
1 de enero de 2026;28079;Madrid;14; Moratalaz;145;Fontarrón;17.957;8.229;9.728
1 de enero de 2026;28079;Madrid;14; Moratalaz;146;Vinateros;17.203;7.663;9.540
1 de enero de 2026;28079;Madrid;15; Ciudad Lineal;151;Ventas;52.396;24.108;28.288
1 de enero de 2026;28079;Madrid;15; Ciudad Lineal;152;Pueblo Nuevo;65.545;30.576;34.969
1 de enero de 2026;28079;Madrid;15; Ciudad Lineal;153;Quintana;26.752;12.192;14.560
1 de enero de 2026;28079;Madrid;15; Ciudad Lineal;154;La Concepción;22.387;10.237;12.150
1 de enero de 2026;28079;Madrid;15; Ciudad Lineal;155;San Pascual;19.141;8.757;10.384
1 de enero de 2026;28079;Madrid;15; Ciudad Lineal;156;San Juan Bautista;13.235;6.200;7.035
1 de enero de 2026;28079;Madrid;15; Ciudad Lineal;157;Colina;6.812;3.065;3.747
1 de enero de 2026;28079;Madrid;15; Ciudad Lineal;158;Atalaya;1.690;722;968
1 de enero de 2026;28079;Madrid;15; Ciudad Lineal;159;Costillares;22.376;10.499;11.877
1 de enero de 2026;28079;Madrid;16; Hortaleza;161;Palomas;7.118;3.495;3.623
1 de enero de 2026;28079;Madrid;16; Hortaleza;162;Piovera;15.368;7.429;7.939
1 de enero de 2026;28079;Madrid;16; Hortaleza;163;Canillas;40.494;18.789;21.705
1 de enero de 2026;28079;Madrid;16; Hortaleza;164;Pinar del Rey;53.458;24.586;28.872
1 de enero de 2026;28079;Madrid;16; Hortaleza;165;Apóstol Santiago;15.702;7.452;8.250
1 de enero de 2026;28079;Madrid;16; Hortaleza;166;Valdefuentes;77.038;37.592;39.446
1 de enero de 2026;28079;Madrid;17; Villaverde;171;Villaverde Alto, Casco Histórico de Villaverde;51.913;25.012;26.901
1 de enero de 2026;28079;Madrid;17; Villaverde;172;San Cristóbal;19.732;10.120;9.612
1 de enero de 2026;28079;Madrid;17; Villaverde;173;Butarque;23.193;11.194;11.999
1 de enero de 2026;28079;Madrid;17; Villaverde;174;Los Rosales;39.454;18.901;20.553
1 de enero de 2026;28079;Madrid;17; Villaverde;175;Ángeles;38.259;17.904;20.355
1 de enero de 2026;28079;Madrid;18; Villa de Vallecas;181;Casco Histórico de Vallecas;43.518;21.121;22.397
1 de enero de 2026;28079;Madrid;18; Villa de Vallecas;182;Santa Eugenia;23.919;11.396;12.523
1 de enero de 2026;28079;Madrid;18; Villa de Vallecas;183;Ensanche de Vallecas;60.129;29.163;30.966
1 de enero de 2026;28079;Madrid;19; Vicálvaro;191;Casco Histórico de Vicálvaro;37.777;18.151;19.626
1 de enero de 2026;28079;Madrid;19; Vicálvaro;192;Valdebernardo;17.260;8.208;9.052
1 de enero de 2026;28079;Madrid;19; Vicálvaro;193;Valderrivas;17.878;8.582;9.296
1 de enero de 2026;28079;Madrid;19; Vicálvaro;194;El Cañaveral;24.945;12.494;12.451
1 de enero de 2026;28079;Madrid;20; San Blas-Canillejas;201;Simancas;30.614;14.604;16.010
1 de enero de 2026;28079;Madrid;20; San Blas-Canillejas;202;Hellín;10.272;4.794;5.478
1 de enero de 2026;28079;Madrid;20; San Blas-Canillejas;203;Amposta;10.349;4.844;5.505
1 de enero de 2026;28079;Madrid;20; San Blas-Canillejas;204;Arcos;26.309;12.435;13.874
1 de enero de 2026;28079;Madrid;20; San Blas-Canillejas;205;Rosas;30.400;14.458;15.942
1 de enero de 2026;28079;Madrid;20; San Blas-Canillejas;206;Rejas;18.584;9.116;9.468
1 de enero de 2026;28079;Madrid;20; San Blas-Canillejas;207;Canillejas;30.418;14.302;16.116
1 de enero de 2026;28079;Madrid;20; San Blas-Canillejas;208;El Salvador;11.580;5.526;6.054
1 de enero de 2026;28079;Madrid;21; Barajas;211;Alameda de Osuna;20.023;9.519;10.504
1 de enero de 2026;28079;Madrid;21; Barajas;212;Aeropuerto;1.928;961;967
1 de enero de 2026;28079;Madrid;21; Barajas;213;Casco Histórico de Barajas;8.600;4.100;4.500
1 de enero de 2026;28079;Madrid;21; Barajas;214;Timón;12.401;5.891;6.510
1 de enero de 2026;28079;Madrid;21; Barajas;215;Corralejos;7.661;3.767;3.894
1 de enero de 2025;28079;Madrid;1; Centro;11;Palacio;24.001;11.693;12.308
1 de enero de 2025;28079;Madrid;1; Centro;12;Embajadores;49.533;26.200;23.333
1 de enero de 2025;28079;Madrid;1; Centro;13;Cortes;11.146;5.528;5.618
1 de enero de 2025;28079;Madrid;1; Centro;14;Justicia;18.897;9.544;9.353
1 de enero de 2025;28079;Madrid;1; Centro;15;Universidad;34.194;16.864;17.330
1 de enero de 2025;28079;Madrid;1; Centro;16;Sol;8.578;4.418;4.160
1 de enero de 2025;28079;Madrid;2; Arganzuela;21;Imperial;23.625;11.058;12.567
1 de enero de 2025;28079;Madrid;2; Arganzuela;22;Acacias;36.546;16.860;19.686
1 de enero de 2025;28079;Madrid;2; Arganzuela;23;Chopera;20.634;9.398;11.236
1 de enero de 2025;28079;Madrid;2; Arganzuela;24;Legazpi;19.991;9.733;10.258
1 de enero de 2025;28079;Madrid;2; Arganzuela;25;Delicias;29.679;13.956;15.723
1 de enero de 2025;28079;Madrid;2; Arganzuela;26;Palos de la Frontera;26.076;12.266;13.810
1 de enero de 2025;28079;Madrid;2; Arganzuela;27;Atocha;2.209;1089;1.120
1 de enero de 2025;28079;Madrid;3; Retiro;31;Pacífico;34.102;15.348;18.754
1 de enero de 2025;28079;Madrid;3; Retiro;32;Adelfas;19.142;8.887;10.255
1 de enero de 2025;28079;Madrid;3; Retiro;33;Estrella;22.908;10.522;12.386
1 de enero de 2025;28079;Madrid;3; Retiro;34;Ibiza;22.041;9.701;12.340
1 de enero de 2025;28079;Madrid;3; Retiro;35;Los Jerónimos;6.952;3.287;3.665
1 de enero de 2025;28079;Madrid;3; Retiro;36;Niño Jesús;15.302;6.940;8.362
1 de enero de 2025;28079;Madrid;4; Salamanca;41;Recoletos;15.630;7.030;8.600
1 de enero de 2025;28079;Madrid;4; Salamanca;42;Goya;30.569;13.260;17.309
1 de enero de 2025;28079;Madrid;4; Salamanca;43;Fuente del Berro;21.688;9.542;12.146
1 de enero de 2025;28079;Madrid;4; Salamanca;44;Guindalera;43.495;19.868;23.627
1 de enero de 2025;28079;Madrid;4; Salamanca;45;Lista;21.676;9.384;12.292
1 de enero de 2025;28079;Madrid;4; Salamanca;46;Castellana;17.738;7.788;9.950
1 de enero de 2025;28079;Madrid;5; Chamartín;51;El Viso;17.577;7.911;9.666
1 de enero de 2025;28079;Madrid;5; Chamartín;52;Prosperidad;37.329;16.779;20.550
1 de enero de 2025;28079;Madrid;5; Chamartín;53;Ciudad Jardín;19.180;8.578;10.602
1 de enero de 2025;28079;Madrid;5; Chamartín;54;Hispanoamérica;32.412;14.706;17.706
1 de enero de 2025;28079;Madrid;5; Chamartín;55;Nueva España;25.310;11.483;13.827
1 de enero de 2025;28079;Madrid;5; Chamartín;56;Castilla;17.846;8.363;9.483
1 de enero de 2025;28079;Madrid;6; Tetuán;61;Bellas Vistas;31.107;14.361;16.746
1 de enero de 2025;28079;Madrid;6; Tetuán;62;Cuatro Caminos;36.173;16.296;19.877
1 de enero de 2025;28079;Madrid;6; Tetuán;63;Castillejos;21.545;9.792;11.753
1 de enero de 2025;28079;Madrid;6; Tetuán;64;Almenara;24.615;11.492;13.123
1 de enero de 2025;28079;Madrid;6; Tetuán;65;Valdeacederas;28.631;13.409;15.222
1 de enero de 2025;28079;Madrid;6; Tetuán;66;Berruguete;27.408;12.386;15.022
1 de enero de 2025;28079;Madrid;7; Chamberí;71;Gaztambide;23.939;10.563;13.376
1 de enero de 2025;28079;Madrid;7; Chamberí;72;Arapiles;25.310;11.341;13.969
1 de enero de 2025;28079;Madrid;7; Chamberí;73;Trafalgar;25.585;11.543;14.042
1 de enero de 2025;28079;Madrid;7; Chamberí;74;Almagro;20.050;8.854;11.196
1 de enero de 2025;28079;Madrid;7; Chamberí;75;Ríos Rosas;28.385;12.491;15.894
1 de enero de 2025;28079;Madrid;7; Chamberí;76;Vallehermoso;20.538;8.974;11.564
1 de enero de 2025;28079;Madrid;8; Fuencarral-El Pardo;81;El Pardo;3.469;1.739;1.730
1 de enero de 2025;28079;Madrid;8; Fuencarral-El Pardo;82;Fuentelarreina;3.537;1.603;1.934
1 de enero de 2025;28079;Madrid;8; Fuencarral-El Pardo;83;Peñagrande;45.375;21.195;24.180
1 de enero de 2025;28079;Madrid;8; Fuencarral-El Pardo;84;Pilar;47.139;21.537;25.602
1 de enero de 2025;28079;Madrid;8; Fuencarral-El Pardo;85;La Paz;32.339;14.980;17.359
1 de enero de 2025;28079;Madrid;8; Fuencarral-El Pardo;86;Valverde;68.225;32.688;35.537
1 de enero de 2025;28079;Madrid;8; Fuencarral-El Pardo;87;Mirasierra;37.556;18.079;19.477
1 de enero de 2025;28079;Madrid;8; Fuencarral-El Pardo;88;El Goloso;19.855;9.801;10.054
1 de enero de 2025;28079;Madrid;9; Moncloa-Aravaca;91;Casa de Campo;13.370;6.381;6.989
1 de enero de 2025;28079;Madrid;9; Moncloa-Aravaca;92;Argüelles;25.304;11.599;13.705
1 de enero de 2025;28079;Madrid;9; Moncloa-Aravaca;93;Ciudad Universitaria;17.125;7.911;9.214
1 de enero de 2025;28079;Madrid;9; Moncloa-Aravaca;94;Valdezarza;31.918;14.760;17.158
1 de enero de 2025;28079;Madrid;9; Moncloa-Aravaca;95;Valdemarín;7.647;3.579;4.068
1 de enero de 2025;28079;Madrid;9; Moncloa-Aravaca;96;El Plantío;3.138;1.466;1.672
1 de enero de 2025;28079;Madrid;9; Moncloa-Aravaca;97;Aravaca;28.476;13.278;15.198
1 de enero de 2025;28079;Madrid;10; Latina;101;Los Jerónimos;18.750;8.880;9.870
1 de enero de 2025;28079;Madrid;10; Latina;102;Puerta del Ángel;46.182;21.606;24.576
1 de enero de 2025;28079;Madrid;10; Latina;103;Lucero;38.794;18.231;20.563
1 de enero de 2025;28079;Madrid;10; Latina;104;Aluche;69.757;32.017;37.740
1 de enero de 2025;28079;Madrid;10; Latina;105;Campamento;21.113;9.757;11.356
1 de enero de 2025;28079;Madrid;10; Latina;106;Cuatro Vientos;6.664;3.323;3.341
1 de enero de 2025;28079;Madrid;10; Latina;107;Águilas;52.901;24.388;28.513
1 de enero de 2025;28079;Madrid;11; Carabanchel;111;Comillas;23.611;10.969;12.642
1 de enero de 2025;28079;Madrid;11; Carabanchel;112;Opañel;36.296;16.863;19.433
1 de enero de 2025;28079;Madrid;11; Carabanchel;113;San Isidro;43.169;20.514;22.655
1 de enero de 2025;28079;Madrid;11; Carabanchel;114;Vista Alegre;51.175;23.630;27.545
1 de enero de 2025;28079;Madrid;11; Carabanchel;115;Puerta Bonita;39.827;18.936;20.891
1 de enero de 2025;28079;Madrid;11; Carabanchel;116;Buenavista;52.528;25.412;27.116
1 de enero de 2025;28079;Madrid;11; Carabanchel;117;Abrantes;34.079;16.060;18.019
1 de enero de 2025;28079;Madrid;12; Usera;121;Orcasitas;23.732;11.178;12.554
1 de enero de 2025;28079;Madrid;12; Usera;122;Orcasur;15.183;7.330;7.853
1 de enero de 2025;28079;Madrid;12; Usera;123;San Fermín;24.928;11.915;13.013
1 de enero de 2025;28079;Madrid;12; Usera;124;Almendrales;24.995;11.922;13.073
1 de enero de 2025;28079;Madrid;12; Usera;125;Moscardó;29.168;13.902;15.266
1 de enero de 2025;28079;Madrid;12; Usera;126;Zofío;15.642;7.396;8.246
1 de enero de 2025;28079;Madrid;12; Usera;127;Pradolongo;20.332;9.821;10.511
1 de enero de 2025;28079;Madrid;13; Puente de Vallecas;131;Entrevías;38.035;18.365;19.670
1 de enero de 2025;28079;Madrid;13; Puente de Vallecas;132;San Diego;51.270;24.876;26.394
1 de enero de 2025;28079;Madrid;13; Puente de Vallecas;133;Palomeras Bajas;42.718;20.071;22.647
1 de enero de 2025;28079;Madrid;13; Puente de Vallecas;134;Palomeras Sureste;45.377;21.614;23.763
1 de enero de 2025;28079;Madrid;13; Puente de Vallecas;135;Portazgo;30.581;14.481;16.100
1 de enero de 2025;28079;Madrid;13; Puente de Vallecas;136;Numancia;52.197;25.059;27.138
1 de enero de 2025;28079;Madrid;14; Moratalaz;141;Pavones;9.329;4.330;4.999
1 de enero de 2025;28079;Madrid;14; Moratalaz;142;Horcajo;6.477;3.088;3.389
1 de enero de 2025;28079;Madrid;14; Moratalaz;143;Marroquina;26.586;12.221;14.365
1 de enero de 2025;28079;Madrid;14; Moratalaz;144;Media Legua;17.854;8.085;9.769
1 de enero de 2025;28079;Madrid;14; Moratalaz;145;Fontarrón;18.358;8.404;9.954
1 de enero de 2025;28079;Madrid;14; Moratalaz;146;Vinateros;17.471;7.811;9.660
1 de enero de 2025;28079;Madrid;15; Ciudad Lineal;151;Ventas;53.178;24.454;28.724
1 de enero de 2025;28079;Madrid;15; Ciudad Lineal;152;Pueblo Nuevo;67.074;31.326;35.748
1 de enero de 2025;28079;Madrid;15; Ciudad Lineal;153;Quintana;27.322;12.436;14.886
1 de enero de 2025;28079;Madrid;15; Ciudad Lineal;154;La Concepción;22.713;10.393;12.320
1 de enero de 2025;28079;Madrid;15; Ciudad Lineal;155;San Pascual;19.320;8.842;10.478
1 de enero de 2025;28079;Madrid;15; Ciudad Lineal;156;San Juan Bautista;13.359;6.239;7.120
1 de enero de 2025;28079;Madrid;15; Ciudad Lineal;157;Colina;6.942;3.143;3.799
1 de enero de 2025;28079;Madrid;15; Ciudad Lineal;158;Atalaya;1.696;731;965
1 de enero de 2025;28079;Madrid;15; Ciudad Lineal;159;Costillares;22.471;10.553;11.918
1 de enero de 2025;28079;Madrid;16; Hortaleza;161;Palomas;7.133;3.492;3.641
1 de enero de 2025;28079;Madrid;16; Hortaleza;162;Piovera;15.628;7.551;8.077
1 de enero de 2025;28079;Madrid;16; Hortaleza;163;Canillas;40.800;18.955;21.845
1 de enero de 2025;28079;Madrid;16; Hortaleza;164;Pinar del Rey;54.126;24.961;29.165
1 de enero de 2025;28079;Madrid;16; Hortaleza;165;Apóstol Santiago;16.025;7.665;8.360
1 de enero de 2025;28079;Madrid;16; Hortaleza;166;Valdefuentes;75.829;37.051;38.778
1 de enero de 2025;28079;Madrid;17; Villaverde;171;Villaverde Alto, Casco Histórico de Villaverde;52.036;25.005;27.031
1 de enero de 2025;28079;Madrid;17; Villaverde;172;San Cristóbal;19.918;10.080;9.838
1 de enero de 2025;28079;Madrid;17; Villaverde;173;Butarque;23.242;11.231;12.011
1 de enero de 2025;28079;Madrid;17; Villaverde;174;Los Rosales;40.185;19.295;20.890
1 de enero de 2025;28079;Madrid;17; Villaverde;175;Ángeles;37.802;17.691;20.111
1 de enero de 2025;28079;Madrid;18; Villa de Vallecas;181;Casco Histórico de Vallecas;43.654;21.112;22.542
1 de enero de 2025;28079;Madrid;18; Villa de Vallecas;182;Santa Eugenia;24.185;11.536;12.649
1 de enero de 2025;28079;Madrid;18; Villa de Vallecas;183;Ensanche de Vallecas;58.680;28.453;30.227
1 de enero de 2025;28079;Madrid;19; Vicálvaro;191;Casco Histórico de Vicálvaro;38.064;18.292;19.772
1 de enero de 2025;28079;Madrid;19; Vicálvaro;192;Valdebernardo;17.695;8.413;9.282
1 de enero de 2025;28079;Madrid;19; Vicálvaro;193;Valderrivas;17.982;8.662;9.320
1 de enero de 2025;28079;Madrid;19; Vicálvaro;194;El Cañaveral;21.492;10.793;10.699
1 de enero de 2025;28079;Madrid;20; San Blas-Canillejas;201;Simancas;30.910;14.702;16.208
1 de enero de 2025;28079;Madrid;20; San Blas-Canillejas;202;Hellín;10.293;4.766;5.527
1 de enero de 2025;28079;Madrid;20; San Blas-Canillejas;203;Amposta;10.440;4.909;5.531
1 de enero de 2025;28079;Madrid;20; San Blas-Canillejas;204;Arcos;26.681;12.623;14.058
1 de enero de 2025;28079;Madrid;20; San Blas-Canillejas;205;Rosas;30.813;14.662;16.151
1 de enero de 2025;28079;Madrid;20; San Blas-Canillejas;206;Rejas;18.673;9.155;9.518
1 de enero de 2025;28079;Madrid;20; San Blas-Canillejas;207;Canillejas;30.681;14.359;16.322
1 de enero de 2025;28079;Madrid;20; San Blas-Canillejas;208;El Salvador;11.499;5.458;6.041
1 de enero de 2025;28079;Madrid;21; Barajas;211;Alameda de Osuna;20.061;9.553;10.508
1 de enero de 2025;28079;Madrid;21; Barajas;212;Aeropuerto;1.961;982;979
1 de enero de 2025;28079;Madrid;21; Barajas;213;Casco Histórico de Barajas;8.253;3.944;4.309
1 de enero de 2025;28079;Madrid;21; Barajas;214;Timón;12.512;5.939;6.573
1 de enero de 2025;28079;Madrid;21; Barajas;215;Corralejos;7.752;3.818;3.934
1 de enero de 2024;28079;Madrid;1; Centro;11;Palacio;24.332;12.008;12.324
1 de enero de 2024;28079;Madrid;1; Centro;12;Embajadores;48.590;25.475;23.115
1 de enero de 2024;28079;Madrid;1; Centro;13;Cortes;11.171;5.523;5.648
1 de enero de 2024;28079;Madrid;1; Centro;14;Justicia;18.739;9.497;9.242
1 de enero de 2024;28079;Madrid;1; Centro;15;Universidad;34.073;16.850;17.223
1 de enero de 2024;28079;Madrid;1; Centro;16;Sol;8.506;4.381;4.125
1 de enero de 2024;28079;Madrid;2; Arganzuela;21;Imperial;22.668;10.538;12.130
1 de enero de 2024;28079;Madrid;2; Arganzuela;22;Acacias;36.475;16.823;19.652
1 de enero de 2024;28079;Madrid;2; Arganzuela;23;Chopera;20.256;9.242;11.014
1 de enero de 2024;28079;Madrid;2; Arganzuela;24;Legazpi;19.858;9.712;10.146
1 de enero de 2024;28079;Madrid;2; Arganzuela;25;Delicias;29.465;13.888;15.577
1 de enero de 2024;28079;Madrid;2; Arganzuela;26;Palos de la Frontera;25.790;12.112;13.678
1 de enero de 2024;28079;Madrid;2; Arganzuela;27;Atocha;2.047;996;1.051
1 de enero de 2024;28079;Madrid;3; Retiro;31;Pacífico;33.743;15.154;18.589
1 de enero de 2024;28079;Madrid;3; Retiro;32;Adelfas;19.025;8.854;10.171
1 de enero de 2024;28079;Madrid;3; Retiro;33;Estrella;22.774;10.454;12.320
1 de enero de 2024;28079;Madrid;3; Retiro;34;Ibiza;22.010;9.723;12.287
1 de enero de 2024;28079;Madrid;3; Retiro;35;Los Jerónimos;6.934;3.245;3.689
1 de enero de 2024;28079;Madrid;3; Retiro;36;Niño Jesús;15.271;6.909;8.362
1 de enero de 2024;28079;Madrid;4; Salamanca;41;Recoletos;15.845;7.136;8.709
1 de enero de 2024;28079;Madrid;4; Salamanca;42;Goya;30.381;13.219;17.162
1 de enero de 2024;28079;Madrid;4; Salamanca;43;Fuente del Berro;21.449;9.433;12.016
1 de enero de 2024;28079;Madrid;4; Salamanca;44;Guindalera;42.905;19.531;23.374
1 de enero de 2024;28079;Madrid;4; Salamanca;45;Lista;21.506;9.315;12.191
1 de enero de 2024;28079;Madrid;4; Salamanca;46;Castellana;17.692;7.740;9.952
1 de enero de 2024;28079;Madrid;5; Chamartín;51;El Viso;17.545;7.917;9.628
1 de enero de 2024;28079;Madrid;5; Chamartín;52;Prosperidad;36.961;16.530;20.431
1 de enero de 2024;28079;Madrid;5; Chamartín;53;Ciudad Jardín;18.928;8.402;10.526
1 de enero de 2024;28079;Madrid;5; Chamartín;54;Hispanoamérica;32.014;14.453;17.561
1 de enero de 2024;28079;Madrid;5; Chamartín;55;Nueva España;25.043;11.312;13.731
1 de enero de 2024;28079;Madrid;5; Chamartín;56;Castilla;17.620;8.246;9.374
1 de enero de 2024;28079;Madrid;6; Tetuán;61;Bellas Vistas;30.531;14.018;16.513
1 de enero de 2024;28079;Madrid;6; Tetuán;62;Cuatro Caminos;35.723;16.020;19.703
1 de enero de 2024;28079;Madrid;6; Tetuán;63;Castillejos;21.256;9.619;11.637
1 de enero de 2024;28079;Madrid;6; Tetuán;64;Almenara;24.090;11.272;12.818
1 de enero de 2024;28079;Madrid;6; Tetuán;65;Valdeacederas;27.798;13.024;14.774
1 de enero de 2024;28079;Madrid;6; Tetuán;66;Berruguete;26.813;12.119;14.694
1 de enero de 2024;28079;Madrid;7; Chamberí;71;Gaztambide;23.533;10.421;13.112
1 de enero de 2024;28079;Madrid;7; Chamberí;72;Arapiles;24.931;11.111;13.820
1 de enero de 2024;28079;Madrid;7; Chamberí;73;Trafalgar;25.328;11.491;13.837
1 de enero de 2024;28079;Madrid;7; Chamberí;74;Almagro;19.992;8.841;11.151
1 de enero de 2024;28079;Madrid;7; Chamberí;75;Ríos Rosas;27.962;12.261;15.701
1 de enero de 2024;28079;Madrid;7; Chamberí;76;Vallehermoso;20.238;8.793;11.445
1 de enero de 2024;28079;Madrid;8; Fuencarral-El Pardo;81;El Pardo;3.460;1.729;1.731
1 de enero de 2024;28079;Madrid;8; Fuencarral-El Pardo;82;Fuentelarreina;3.498;1.591;1.907
1 de enero de 2024;28079;Madrid;8; Fuencarral-El Pardo;83;Peñagrande;44.844;20.857;23.987
1 de enero de 2024;28079;Madrid;8; Fuencarral-El Pardo;84;Pilar;46.543;21.173;25.370
1 de enero de 2024;28079;Madrid;8; Fuencarral-El Pardo;85;La Paz;32.343;15.008;17.335
1 de enero de 2024;28079;Madrid;8; Fuencarral-El Pardo;86;Valverde;66.870;31.990;34.880
1 de enero de 2024;28079;Madrid;8; Fuencarral-El Pardo;87;Mirasierra;36.744;17.679;19.065
1 de enero de 2024;28079;Madrid;8; Fuencarral-El Pardo;88;El Goloso;19.596;9.694;9.902
1 de enero de 2024;28079;Madrid;9; Moncloa-Aravaca;91;Casa de Campo;12.946;6.047;6.899
1 de enero de 2024;28079;Madrid;9; Moncloa-Aravaca;92;Argüelles;24.987;11.492;13.495
1 de enero de 2024;28079;Madrid;9; Moncloa-Aravaca;93;Ciudad Universitaria;16.876;7.835;9.041
1 de enero de 2024;28079;Madrid;9; Moncloa-Aravaca;94;Valdezarza;31.614;14.578;17.036
1 de enero de 2024;28079;Madrid;9; Moncloa-Aravaca;95;Valdemarín;7.451;3.491;3.960
1 de enero de 2024;28079;Madrid;9; Moncloa-Aravaca;96;El Plantío;3.156;1.467;1.689
1 de enero de 2024;28079;Madrid;9; Moncloa-Aravaca;97;Aravaca;28.193;13.211;14.982
1 de enero de 2024;28079;Madrid;10; Latina;101;Los Cármenes;18.423;8.757;9.666
1 de enero de 2024;28079;Madrid;10; Latina;102;Puerta del Ángel;45.513;21.325;24.188
1 de enero de 2024;28079;Madrid;10; Latina;103;Lucero;38.072;17.835;20.237
1 de enero de 2024;28079;Madrid;10; Latina;104;Aluche;68.973;31.619;37.354
1 de enero de 2024;28079;Madrid;10; Latina;105;Campamento;20.657;9.511;11.146
1 de enero de 2024;28079;Madrid;10; Latina;106;Cuatro Vientos;6.417;3.192;3.225
1 de enero de 2024;28079;Madrid;10; Latina;107;Águilas;52.341;24.198;28.143
1 de enero de 2024;28079;Madrid;11; Carabanchel;111;Comillas;23.466;10.873;12.593
1 de enero de 2024;28079;Madrid;11; Carabanchel;112;Opañel;35.513;16.394;19.119
1 de enero de 2024;28079;Madrid;11; Carabanchel;113;San Isidro;42.184;19.962;22.222
1 de enero de 2024;28079;Madrid;11; Carabanchel;114;Vista Alegre;50.153;23.083;27.070
1 de enero de 2024;28079;Madrid;11; Carabanchel;115;Puerta Bonita;38.781;18.360;20.421
1 de enero de 2024;28079;Madrid;11; Carabanchel;116;Buenavista;51.040;24.740;26.300
1 de enero de 2024;28079;Madrid;11; Carabanchel;117;Abrantes;33.269;15.585;17.684
1 de enero de 2024;28079;Madrid;12; Usera;121;Orcasitas;23.482;11.010;12.472
1 de enero de 2024;28079;Madrid;12; Usera;122;Orcasur;14.851;7.207;7.644
1 de enero de 2024;28079;Madrid;12; Usera;123;San Fermín;24.510;11.716;12.794
1 de enero de 2024;28079;Madrid;12; Usera;124;Almendrales;23.927;11.389;12.538
1 de enero de 2024;28079;Madrid;12; Usera;125;Moscardó;27.873;13.169;14.704
1 de enero de 2024;28079;Madrid;12; Usera;126;Zofío;15.298;7.166;8.132
1 de enero de 2024;28079;Madrid;12; Usera;127;Pradolongo;19.172;9.144;10.028
1 de enero de 2024;28079;Madrid;13; Puente de Vallecas;131;Entrevías;36.851;17.711;19.140
1 de enero de 2024;28079;Madrid;13; Puente de Vallecas;132;San Diego;49.339;23.856;25.483
1 de enero de 2024;28079;Madrid;13; Puente de Vallecas;133;Palomeras Bajas;41.755;19.533;22.222
1 de enero de 2024;28079;Madrid;13; Puente de Vallecas;134;Palomeras Sureste;44.396;21.125;23.271
1 de enero de 2024;28079;Madrid;13; Puente de Vallecas;135;Portazgo;29.746;13.960;15.786
1 de enero de 2024;28079;Madrid;13; Puente de Vallecas;136;Numancia;50.961;24.345;26.616
1 de enero de 2024;28079;Madrid;14; Moratalaz;141;Pavones;9.208;4.240;4.968
1 de enero de 2024;28079;Madrid;14; Moratalaz;142;Horcajo;6.421;3.069;3.352
1 de enero de 2024;28079;Madrid;14; Moratalaz;143;Marroquina;26.378;12.105;14.273
1 de enero de 2024;28079;Madrid;14; Moratalaz;144;Media Legua;17.787;8.073;9.714
1 de enero de 2024;28079;Madrid;14; Moratalaz;145;Fontarrón;18.000;8.189;9.811
1 de enero de 2024;28079;Madrid;14; Moratalaz;146;Vinateros;17.329;7.736;9.593
1 de enero de 2024;28079;Madrid;15; Ciudad Lineal;151;Ventas;52.223;23.931;28.292
1 de enero de 2024;28079;Madrid;15; Ciudad Lineal;152;Pueblo Nuevo;65.874;30.575;35.299
1 de enero de 2024;28079;Madrid;15; Ciudad Lineal;153;Quintana;26.762;12.145;14.617
1 de enero de 2024;28079;Madrid;15; Ciudad Lineal;154;La Concepción;22.256;10.138;12.118
1 de enero de 2024;28079;Madrid;15; Ciudad Lineal;155;San Pascual;19.019;8.670;10.349
1 de enero de 2024;28079;Madrid;15; Ciudad Lineal;156;San Juan Bautista;13.120;6.159;6.961
1 de enero de 2024;28079;Madrid;15; Ciudad Lineal;157;Colina;6.810;3.063;3.747
1 de enero de 2024;28079;Madrid;15; Ciudad Lineal;158;Atalaya;1.672;717;955
1 de enero de 2024;28079;Madrid;15; Ciudad Lineal;159;Costillares;22.299;10.438;11.861
1 de enero de 2024;28079;Madrid;16; Hortaleza;161;Palomas;7.018;3.442;3.576
1 de enero de 2024;28079;Madrid;16; Hortaleza;162;Piovera;15.455;7.422;8.033
1 de enero de 2024;28079;Madrid;16; Hortaleza;163;Canillas;40.440;18.793;21.647
1 de enero de 2024;28079;Madrid;16; Hortaleza;164;Pinar del Rey;53.313;24.503;28.810
1 de enero de 2024;28079;Madrid;16; Hortaleza;165;Apóstol Santiago;15.842;7.541;8.301
1 de enero de 2024;28079;Madrid;16; Hortaleza;166;Valdefuentes;73.114;35.738;37.376
1 de enero de 2024;28079;Madrid;17; Villaverde;171;Villaverde Alto, Casco Histórico de Villaverde;50.266;24.101;26.165
1 de enero de 2024;28079;Madrid;17; Villaverde;172;San Cristóbal;18.870;9.411;9.459
1 de enero de 2024;28079;Madrid;17; Villaverde;173;Butarque;22.375;10.810;11.565
1 de enero de 2024;28079;Madrid;17; Villaverde;174;Los Rosales;39.648;19.005;20.643
1 de enero de 2024;28079;Madrid;17; Villaverde;175;Ángeles;36.793;17.236;19.557
1 de enero de 2024;28079;Madrid;18; Villa de Vallecas;181;Casco Histórico de Vallecas;41.984;20.266;21.718
1 de enero de 2024;28079;Madrid;18; Villa de Vallecas;182;Santa Eugenia;24.168;11.570;12.598
1 de enero de 2024;28079;Madrid;18; Villa de Vallecas;183;Ensanche de Vallecas;56.185;27.317;28.868
1 de enero de 2024;28079;Madrid;19; Vicálvaro;191;Casco Histórico de Vicálvaro;37.018;17.760;19.258
1 de enero de 2024;28079;Madrid;19; Vicálvaro;192;Valdebernardo;17.693;8.425;9.268
1 de enero de 2024;28079;Madrid;19; Vicálvaro;193;Valderrivas;17.868;8.650;9.218
1 de enero de 2024;28079;Madrid;19; Vicálvaro;194;El Cañaveral;17.193;8.655;8.538
1 de enero de 2024;28079;Madrid;20; San Blas-Canillejas;201;Simancas;30.158;14.293;15.865
1 de enero de 2024;28079;Madrid;20; San Blas-Canillejas;202;Hellín;9.965;4.590;5.375
1 de enero de 2024;28079;Madrid;20; San Blas-Canillejas;203;Amposta;9.749;4.564;5.185
1 de enero de 2024;28079;Madrid;20; San Blas-Canillejas;204;Arcos;26.280;12.416;13.864
1 de enero de 2024;28079;Madrid;20; San Blas-Canillejas;205;Rosas;30.838;14.734;16.104
1 de enero de 2024;28079;Madrid;20; San Blas-Canillejas;206;Rejas;18.196;8.867;9.329
1 de enero de 2024;28079;Madrid;20; San Blas-Canillejas;207;Canillejas;29.943;13.922;16.021
1 de enero de 2024;28079;Madrid;20; San Blas-Canillejas;208;El Salvador;11.454;5.437;6.017
1 de enero de 2024;28079;Madrid;21; Barajas;211;Alameda de Osuna;19.875;9.484;10.391
1 de enero de 2024;28079;Madrid;21; Barajas;212;Aeropuerto;1.949;990;959
1 de enero de 2024;28079;Madrid;21; Barajas;213;Casco Histórico de Barajas;7.625;3.658;3.967
1 de enero de 2024;28079;Madrid;21; Barajas;214;Timón;12.400;5.878;6.522
1 de enero de 2024;28079;Madrid;21; Barajas;215;Corralejos;7.763;3.827;3.936
1 de enero de 2023;28079;Madrid;1; Centro;11;Palacio;23.501;11.557;11.944
1 de enero de 2023;28079;Madrid;1; Centro;12;Embajadores;46.204;24.094;22.110
1 de enero de 2023;28079;Madrid;1; Centro;13;Cortes;10.816;5.350;5.466
1 de enero de 2023;28079;Madrid;1; Centro;14;Justicia;18.219;9.261;8.958
1 de enero de 2023;28079;Madrid;1; Centro;15;Universidad;32.783;16.269;16.514
1 de enero de 2023;28079;Madrid;1; Centro;16;Sol;8.164;4.239;3.925
1 de enero de 2023;28079;Madrid;2; Arganzuela;21;Imperial;22.385;10.421;11.964
1 de enero de 2023;28079;Madrid;2; Arganzuela;22;Acacias;36.069;16.616;19.453
1 de enero de 2023;28079;Madrid;2; Arganzuela;23;Chopera;19.761;8.992;10.769
1 de enero de 2023;28079;Madrid;2; Arganzuela;24;Legazpi;19.468;9.508;9.960
1 de enero de 2023;28079;Madrid;2; Arganzuela;25;Delicias;28.575;13.463;15.112
1 de enero de 2023;28079;Madrid;2; Arganzuela;26;Palos de la Frontera;25.097;11.797;13.300
1 de enero de 2023;28079;Madrid;2; Arganzuela;27;Atocha;1.949;957;992
1 de enero de 2023;28079;Madrid;3; Retiro;31;Pacífico;33.027;14.809;18.218
1 de enero de 2023;28079;Madrid;3; Retiro;32;Adelfas;18.832;8.699;10.133
1 de enero de 2023;28079;Madrid;3; Retiro;33;Estrella;22.649;10.393;12.256
1 de enero de 2023;28079;Madrid;3; Retiro;34;Ibiza;21.492;9.568;11.924
1 de enero de 2023;28079;Madrid;3; Retiro;35;Los Jerónimos;6.825;3.177;3.648
1 de enero de 2023;28079;Madrid;3; Retiro;36;Niño Jesús;15.093;6.812;8.281
1 de enero de 2023;28079;Madrid;4; Salamanca;41;Recoletos;15.444;6.966;8.478
1 de enero de 2023;28079;Madrid;4; Salamanca;42;Goya;29.477;12.872;16.605
1 de enero de 2023;28079;Madrid;4; Salamanca;43;Fuente del Berro;20.929;9.129;11.800
1 de enero de 2023;28079;Madrid;4; Salamanca;44;Guindalera;41.964;19.006;22.958
1 de enero de 2023;28079;Madrid;4; Salamanca;45;Lista;20.969;9.056;11.913
1 de enero de 2023;28079;Madrid;4; Salamanca;46;Castellana;16.919;7.423;9.496
1 de enero de 2023;28079;Madrid;5; Chamartín;51;El Viso;17.274;7.810;9.464
1 de enero de 2023;28079;Madrid;5; Chamartín;52;Prosperidad;36.027;16.072;19.955
1 de enero de 2023;28079;Madrid;5; Chamartín;53;Ciudad Jardín;18.513;8.234;10.279
1 de enero de 2023;28079;Madrid;5; Chamartín;54;Hispanoamérica;31.470;14.159;17.311
1 de enero de 2023;28079;Madrid;5; Chamartín;55;Nueva España;24.466;11.050;13.416
1 de enero de 2023;28079;Madrid;5; Chamartín;56;Castilla;17.046;7.920;9.126
1 de enero de 2023;28079;Madrid;6; Tetuán;61;Bellas Vistas;29.355;13.428;15.927
1 de enero de 2023;28079;Madrid;6; Tetuán;62;Cuatro Caminos;34.753;15.537;19.216
1 de enero de 2023;28079;Madrid;6; Tetuán;63;Castillejos;20.570;9.239;11.331
1 de enero de 2023;28079;Madrid;6; Tetuán;64;Almenara;23.057;10.688;12.369
1 de enero de 2023;28079;Madrid;6; Tetuán;65;Valdeacederas;26.573;12.442;14.131
1 de enero de 2023;28079;Madrid;6; Tetuán;66;Berruguete;25.694;11.604;14.090
1 de enero de 2023;28079;Madrid;7; Chamberí;71;Gaztambide;22.959;10.157;12.802
1 de enero de 2023;28079;Madrid;7; Chamberí;72;Arapiles;24.190;10.831;13.359
1 de enero de 2023;28079;Madrid;7; Chamberí;73;Trafalgar;24.621;11.147;13.474
1 de enero de 2023;28079;Madrid;7; Chamberí;74;Almagro;19.418;8.567;10.851
1 de enero de 2023;28079;Madrid;7; Chamberí;75;Ríos Rosas;27.163;11.828;15.335
1 de enero de 2023;28079;Madrid;7; Chamberí;76;Vallehermoso;19.853;8.619;11.234
1 de enero de 2023;28079;Madrid;8; Fuencarral-El Pardo;81;El Pardo;3.421;1.716;1.705
1 de enero de 2023;28079;Madrid;8; Fuencarral-El Pardo;82;Fuentelarreina;3.410;1.559;1.851
1 de enero de 2023;28079;Madrid;8; Fuencarral-El Pardo;83;Peñagrande;44.341;20.597;23.744
1 de enero de 2023;28079;Madrid;8; Fuencarral-El Pardo;84;Pilar;45.610;20.720;24.890
1 de enero de 2023;28079;Madrid;8; Fuencarral-El Pardo;85;La Paz;32.192;14.964;17.228
1 de enero de 2023;28079;Madrid;8; Fuencarral-El Pardo;86;Valverde;64.757;30.851;33.906
1 de enero de 2023;28079;Madrid;8; Fuencarral-El Pardo;87;Mirasierra;35.676;17.160;18.516
1 de enero de 2023;28079;Madrid;8; Fuencarral-El Pardo;88;El Goloso;19.036;9.377;9.659
1 de enero de 2023;28079;Madrid;9; Moncloa-Aravaca;91;Casa de Campo;12.767;5.958;6.809
1 de enero de 2023;28079;Madrid;9; Moncloa-Aravaca;92;Argüelles;24.497;11.207;13.290
1 de enero de 2023;28079;Madrid;9; Moncloa-Aravaca;93;Ciudad Universitaria;16.364;7.603;8.761
1 de enero de 2023;28079;Madrid;9; Moncloa-Aravaca;94;Valdezarza;30.484;14.001;16.483
1 de enero de 2023;28079;Madrid;9; Moncloa-Aravaca;95;Valdemarín;7.156;3.339;3.817
1 de enero de 2023;28079;Madrid;9; Moncloa-Aravaca;96;El Plantío;3.044;1.413;1.631
1 de enero de 2023;28079;Madrid;9; Moncloa-Aravaca;97;Aravaca;27.445;12.836;14.609
1 de enero de 2023;28079;Madrid;10; Latina;101;Los Cármenes;17.903;8.484;9.419
1 de enero de 2023;28079;Madrid;10; Latina;102;Puerta del Ángel;43.292;20.165;23.127
1 de enero de 2023;28079;Madrid;10; Latina;103;Lucero;36.749;17.156;19.593
1 de enero de 2023;28079;Madrid;10; Latina;104;Aluche;66.588;30.384;36.204
1 de enero de 2023;28079;Madrid;10; Latina;105;Campamento;19.750;9.111;10.639
1 de enero de 2023;28079;Madrid;10; Latina;106;Cuatro Vientos;6.122;3.068;3.054
1 de enero de 2023;28079;Madrid;10; Latina;107;Águilas;51.268;23.725;27.543
1 de enero de 2023;28079;Madrid;11; Carabanchel;111;Comillas;22.721;10.491;12.230
1 de enero de 2023;28079;Madrid;11; Carabanchel;112;Opañel;33.883;15.556;18.327
1 de enero de 2023;28079;Madrid;11; Carabanchel;113;San Isidro;40.368;18.969;21.399
1 de enero de 2023;28079;Madrid;11; Carabanchel;114;Vista Alegre;47.727;21.823;25.904
1 de enero de 2023;28079;Madrid;11; Carabanchel;115;Puerta Bonita;36.798;17.349;19.449
1 de enero de 2023;28079;Madrid;11; Carabanchel;116;Buenavista;49.151;23.733;25.418
1 de enero de 2023;28079;Madrid;11; Carabanchel;117;Abrantes;31.691;14.711;16.980
1 de enero de 2023;28079;Madrid;12; Usera;121;Orcasitas;23.085;10.900;12.185
1 de enero de 2023;28079;Madrid;12; Usera;122;Orcasur;14.390;6.987;7.403
1 de enero de 2023;28079;Madrid;12; Usera;123;San Fermín;23.598;11.246;12.352
1 de enero de 2023;28079;Madrid;12; Usera;124;Almendrales;22.834;10.755;12.079
1 de enero de 2023;28079;Madrid;12; Usera;125;Moscardó;26.579;12.531;14.048
1 de enero de 2023;28079;Madrid;12; Usera;126;Zofío;14.382;6.681;7.701
1 de enero de 2023;28079;Madrid;12; Usera;127;Pradolongo;17.878;8.438;9.440
1 de enero de 2023;28079;Madrid;13; Puente de Vallecas;131;Entrevías;35.399;16.976;18.423
1 de enero de 2023;28079;Madrid;13; Puente de Vallecas;132;San Diego;45.104;21.593;23.511
1 de enero de 2023;28079;Madrid;13; Puente de Vallecas;133;Palomeras Bajas;40.477;18.947;21.530
1 de enero de 2023;28079;Madrid;13; Puente de Vallecas;134;Palomeras Sureste;43.162;20.491;22.671
1 de enero de 2023;28079;Madrid;13; Puente de Vallecas;135;Portazgo;28.741;13.471;15.270
1 de enero de 2023;28079;Madrid;13; Puente de Vallecas;136;Numancia;48.720;23.064;25.656
1 de enero de 2023;28079;Madrid;14; Moratalaz;141;Pavones;8.814;4.035;4.779
1 de enero de 2023;28079;Madrid;14; Moratalaz;142;Horcajo;6.339;3.029;3.310
1 de enero de 2023;28079;Madrid;14; Moratalaz;143;Marroquina;26.120;11.962;14.158
1 de enero de 2023;28079;Madrid;14; Moratalaz;144;Media Legua;17.323;7.828;9.495
1 de enero de 2023;28079;Madrid;14; Moratalaz;145;Fontarrón;17.333;7.876;9.457
1 de enero de 2023;28079;Madrid;14; Moratalaz;146;Vinateros;16.885;7.482;9.403
1 de enero de 2023;28079;Madrid;15; Ciudad Lineal;151;Ventas;50.218;22.868;27.350
1 de enero de 2023;28079;Madrid;15; Ciudad Lineal;152;Pueblo Nuevo;62.840;28.982;33.858
1 de enero de 2023;28079;Madrid;15; Ciudad Lineal;153;Quintana;25.469;11.449;14.020
1 de enero de 2023;28079;Madrid;15; Ciudad Lineal;154;La Concepción;20.941;9.402;11.539
1 de enero de 2023;28079;Madrid;15; Ciudad Lineal;155;San Pascual;18.327;8.349;9.978
1 de enero de 2023;28079;Madrid;15; Ciudad Lineal;156;San Juan Bautista;12.445;5.813;6.632
1 de enero de 2023;28079;Madrid;15; Ciudad Lineal;157;Colina;6.569;2.973;3.596
1 de enero de 2023;28079;Madrid;15; Ciudad Lineal;158;Atalaya;1.622;691;931
1 de enero de 2023;28079;Madrid;15; Ciudad Lineal;159;Costillares;21.914;10.232;11.682
1 de enero de 2023;28079;Madrid;16; Hortaleza;161;Palomas;6.922;3.404;3.518
1 de enero de 2023;28079;Madrid;16; Hortaleza;162;Piovera;15.041;7.211;7.830
1 de enero de 2023;28079;Madrid;16; Hortaleza;163;Canillas;39.786;18.485;21.301
1 de enero de 2023;28079;Madrid;16; Hortaleza;164;Pinar del Rey;52.031;23.825;28.206
1 de enero de 2023;28079;Madrid;16; Hortaleza;165;Apóstol Santiago;15.435;7.344;8.091
1 de enero de 2023;28079;Madrid;16; Hortaleza;166;Valdefuentes;69.176;33.831;35.345
1 de enero de 2023;28079;Madrid;17; Villaverde;171;Villaverde Alto, Casco Histórico de Villaverde;47.817;22.826;24.991
1 de enero de 2023;28079;Madrid;17; Villaverde;172;San Cristóbal;17.270;8.586;8.684
1 de enero de 2023;28079;Madrid;17; Villaverde;173;Butarque;21.316;10.306;11.010
1 de enero de 2023;28079;Madrid;17; Villaverde;174;Los Rosales;37.808;18.121;19.687
1 de enero de 2023;28079;Madrid;17; Villaverde;175;Ángeles;34.827;16.292;18.535
1 de enero de 2023;28079;Madrid;18; Villa de Vallecas;181;Casco Histórico de Vallecas;40.417;19.413;21.004
1 de enero de 2023;28079;Madrid;18; Villa de Vallecas;182;Santa Eugenia;23.876;11.381;12.495
1 de enero de 2023;28079;Madrid;18; Villa de Vallecas;183;Ensanche de Vallecas;53.208;25.932;27.276
1 de enero de 2023;28079;Madrid;19; Vicálvaro;191;Casco Histórico de Vicálvaro;35.519;17.009;18.510
1 de enero de 2023;28079;Madrid;19; Vicálvaro;192;Valdebernardo;17.471;8.330;9.141
1 de enero de 2023;28079;Madrid;19; Vicálvaro;193;Valderrivas;17.760;8.589;9.171
1 de enero de 2023;28079;Madrid;19; Vicálvaro;194;El Cañaveral;13.054;6.652;6.402
1 de enero de 2023;28079;Madrid;20; San Blas-Canillejas;201;Simancas;28.765;13.560;15.205
1 de enero de 2023;28079;Madrid;20; San Blas-Canillejas;202;Hellín;9.555;4.375;5.180
1 de enero de 2023;28079;Madrid;20; San Blas-Canillejas;203;Amposta;9.126;4.258;4.868
1 de enero de 2023;28079;Madrid;20; San Blas-Canillejas;204;Arcos;25.354;11.932;13.422
1 de enero de 2023;28079;Madrid;20; San Blas-Canillejas;205;Rosas;30.751;14.727;16.024
1 de enero de 2023;28079;Madrid;20; San Blas-Canillejas;206;Rejas;17.399;8.495;8.904
1 de enero de 2023;28079;Madrid;20; San Blas-Canillejas;207;Canillejas;29.067;13.528;15.539
1 de enero de 2023;28079;Madrid;20; San Blas-Canillejas;208;El Salvador;11.202;5.279;5.923
1 de enero de 2023;28079;Madrid;21; Barajas;211;Alameda de Osuna;19.685;9.397;10.288
1 de enero de 2023;28079;Madrid;21; Barajas;212;Aeropuerto;1.902;965;937
1 de enero de 2023;28079;Madrid;21; Barajas;213;Casco Histórico de Barajas;7.384;3.519;3.865
1 de enero de 2023;28079;Madrid;21; Barajas;214;Timón;12.049;5.702;6.347
1 de enero de 2023;28079;Madrid;21; Barajas;215;Corralejos;7.626;3.749;3.877
1 de enero de 2022;28079;Madrid;1; Centro;11;Palacio;23.417;11.568;11.849
1 de enero de 2022;28079;Madrid;1; Centro;12;Embajadores;46.444;24.271;22.173
1 de enero de 2022;28079;Madrid;1; Centro;13;Cortes;10.828;5.345;5.483
1 de enero de 2022;28079;Madrid;1; Centro;14;Justicia;18.015;9.221;8.794
1 de enero de 2022;28079;Madrid;1; Centro;15;Universidad;32.861;16.349;16.512
1 de enero de 2022;28079;Madrid;1; Centro;16;Sol;8.117;4.232;3.885
1 de enero de 2022;28079;Madrid;2; Arganzuela;21;Imperial;22.456;10.436;12.020
1 de enero de 2022;28079;Madrid;2; Arganzuela;22;Acacias;36.038;16.635;19.403
1 de enero de 2022;28079;Madrid;2; Arganzuela;23;Chopera;19.734;8.994;10.740
1 de enero de 2022;28079;Madrid;2; Arganzuela;24;Legazpi;19.469;9.543;9.926
1 de enero de 2022;28079;Madrid;2; Arganzuela;25;Delicias;28.243;13.296;14.947
1 de enero de 2022;28079;Madrid;2; Arganzuela;26;Palos de la Frontera;25.078;11.766;13.312
1 de enero de 2022;28079;Madrid;2; Arganzuela;27;Atocha;1.620;796;824
1 de enero de 2022;28079;Madrid;3; Retiro;31;Pacífico;32.745;14.613;18.132
1 de enero de 2022;28079;Madrid;3; Retiro;32;Adelfas;18.715;8.675;10.040
1 de enero de 2022;28079;Madrid;3; Retiro;33;Estrella;22.780;10.514;12.266
1 de enero de 2022;28079;Madrid;3; Retiro;34;Ibiza;21.377;9.541;11.836
1 de enero de 2022;28079;Madrid;3; Retiro;35;Los Jerónimos;6.926;3.237;3.689
1 de enero de 2022;28079;Madrid;3; Retiro;36;Niño Jesús;15.129;6.865;8.264
1 de enero de 2022;28079;Madrid;4; Salamanca;41;Recoletos;15.647;7.044;8.603
1 de enero de 2022;28079;Madrid;4; Salamanca;42;Goya;29.441;12.840;16.601
1 de enero de 2022;28079;Madrid;4; Salamanca;43;Fuente del Berro;20.848;9.087;11.761
1 de enero de 2022;28079;Madrid;4; Salamanca;44;Guindalera;41.721;18.925;22.796
1 de enero de 2022;28079;Madrid;4; Salamanca;45;Lista;20.785;8.997;11.788
1 de enero de 2022;28079;Madrid;4; Salamanca;46;Castellana;17.015;7.450;9.565
1 de enero de 2022;28079;Madrid;5; Chamartín;51;El Viso;17.181;7.767;9.414
1 de enero de 2022;28079;Madrid;5; Chamartín;52;Prosperidad;35.963;16.070;19.893
1 de enero de 2022;28079;Madrid;5; Chamartín;53;Ciudad Jardín;18.410;8.181;10.229
1 de enero de 2022;28079;Madrid;5; Chamartín;54;Hispanoamérica;31.463;14.188;17.275
1 de enero de 2022;28079;Madrid;5; Chamartín;55;Nueva España;24.366;11.015;13.351
1 de enero de 2022;28079;Madrid;5; Chamartín;56;Castilla;16.988;7.859;9.129
1 de enero de 2022;28079;Madrid;6; Tetuán;61;Bellas Vistas;28.995;13.231;15.764
1 de enero de 2022;28079;Madrid;6; Tetuán;62;Cuatro Caminos;34.471;15.436;19.035
1 de enero de 2022;28079;Madrid;6; Tetuán;63;Castillejos;20.282;9.097;11.185
1 de enero de 2022;28079;Madrid;6; Tetuán;64;Almenara;22.594;10.391;12.203
1 de enero de 2022;28079;Madrid;6; Tetuán;65;Valdeacederas;26.140;12.277;13.863
1 de enero de 2022;28079;Madrid;6; Tetuán;66;Berruguete;24.951;11.204;13.747
1 de enero de 2022;28079;Madrid;7; Chamberí;71;Gaztambide;22.659;10.058;12.601
1 de enero de 2022;28079;Madrid;7; Chamberí;72;Arapiles;23.972;10.770;13.202
1 de enero de 2022;28079;Madrid;7; Chamberí;73;Trafalgar;24.495;11.063;13.432
1 de enero de 2022;28079;Madrid;7; Chamberí;74;Almagro;19.358;8.557;10.801
1 de enero de 2022;28079;Madrid;7; Chamberí;75;Ríos Rosas;26.901;11.798;15.103
1 de enero de 2022;28079;Madrid;7; Chamberí;76;Vallehermoso;19.902;8.621;11.281
1 de enero de 2022;28079;Madrid;8; Fuencarral-El Pardo;81;El Pardo;3.382;1.683;1.699
1 de enero de 2022;28079;Madrid;8; Fuencarral-El Pardo;82;Fuentelarreina;3.346;1.513;1.833
1 de enero de 2022;28079;Madrid;8; Fuencarral-El Pardo;83;Peñagrande;43.887;20.379;23.508
1 de enero de 2022;28079;Madrid;8; Fuencarral-El Pardo;84;Pilar;45.354;20.645;24.709
1 de enero de 2022;28079;Madrid;8; Fuencarral-El Pardo;85;La Paz;32.346;15.059;17.287
1 de enero de 2022;28079;Madrid;8; Fuencarral-El Pardo;86;Valverde;63.651;30.328;33.323
1 de enero de 2022;28079;Madrid;8; Fuencarral-El Pardo;87;Mirasierra;35.240;16.920;18.320
1 de enero de 2022;28079;Madrid;8; Fuencarral-El Pardo;88;El Goloso;19.075;9.428;9.647
1 de enero de 2022;28079;Madrid;9; Moncloa-Aravaca;91;Casa de Campo;12.804;5.929;6.875
1 de enero de 2022;28079;Madrid;9; Moncloa-Aravaca;92;Argüelles;24.165;11.035;13.130
1 de enero de 2022;28079;Madrid;9; Moncloa-Aravaca;93;Ciudad Universitaria;16.220;7.489;8.731
1 de enero de 2022;28079;Madrid;9; Moncloa-Aravaca;94;Valdezarza;29.802;13.602;16.200
1 de enero de 2022;28079;Madrid;9; Moncloa-Aravaca;95;Valdemarín;7.048;3.283;3.765
1 de enero de 2022;28079;Madrid;9; Moncloa-Aravaca;96;El Plantío;2.998;1.384;1.614
1 de enero de 2022;28079;Madrid;9; Moncloa-Aravaca;97;Aravaca;27.323;12.779;14.544
1 de enero de 2022;28079;Madrid;10; Latina;101;Los Cármenes;17.543;8.302;9.241
1 de enero de 2022;28079;Madrid;10; Latina;102;Puerta del Ángel;41.401;19.113;22.288
1 de enero de 2022;28079;Madrid;10; Latina;103;Lucero;36.062;16.887;19.175
1 de enero de 2022;28079;Madrid;10; Latina;104;Aluche;65.833;30.086;35.747
1 de enero de 2022;28079;Madrid;10; Latina;105;Campamento;19.337;8.970;10.367
1 de enero de 2022;28079;Madrid;10; Latina;106;Cuatro Vientos;5.966;2.996;2.970
1 de enero de 2022;28079;Madrid;10; Latina;107;Águilas;50.906;23.574;27.332
1 de enero de 2022;28079;Madrid;11; Carabanchel;111;Comillas;22.214;10.230;11.984
1 de enero de 2022;28079;Madrid;11; Carabanchel;112;Opañel;33.300;15.283;18.017
1 de enero de 2022;28079;Madrid;11; Carabanchel;113;San Isidro;39.391;18.500;20.891
1 de enero de 2022;28079;Madrid;11; Carabanchel;114;Vista Alegre;46.474;21.208;25.266
1 de enero de 2022;28079;Madrid;11; Carabanchel;115;Puerta Bonita;35.395;16.647;18.748
1 de enero de 2022;28079;Madrid;11; Carabanchel;116;Buenavista;47.815;23.152;24.663
1 de enero de 2022;28079;Madrid;11; Carabanchel;117;Abrantes;30.925;14.361;16.564
1 de enero de 2022;28079;Madrid;12; Usera;121;Orcasitas;22.996;10.827;12.169
1 de enero de 2022;28079;Madrid;12; Usera;122;Orcasur;14.250;6.915;7.335
1 de enero de 2022;28079;Madrid;12; Usera;123;San Fermín;23.460;11.185;12.275
1 de enero de 2022;28079;Madrid;12; Usera;124;Almendrales;22.499;10.522;11.977
1 de enero de 2022;28079;Madrid;12; Usera;125;Moscardó;26.139;12.293;13.846
1 de enero de 2022;28079;Madrid;12; Usera;126;Zofío;14.022;6.571;7.451
1 de enero de 2022;28079;Madrid;12; Usera;127;Pradolongo;17.442;8.219;9.223
1 de enero de 2022;28079;Madrid;13; Puente de Vallecas;131;Entrevías;34.690;16.591;18.099
1 de enero de 2022;28079;Madrid;13; Puente de Vallecas;132;San Diego;42.910;20.534;22.376
1 de enero de 2022;28079;Madrid;13; Puente de Vallecas;133;Palomeras Bajas;39.935;18.722;21.213
1 de enero de 2022;28079;Madrid;13; Puente de Vallecas;134;Palomeras Sureste;42.540;20.218;22.322
1 de enero de 2022;28079;Madrid;13; Puente de Vallecas;135;Portazgo;28.249;13.310;14.939
1 de enero de 2022;28079;Madrid;13; Puente de Vallecas;136;Numancia;47.314;22.373;24.941
1 de enero de 2022;28079;Madrid;14; Moratalaz;141;Pavones;8.719;3.968;4.751
1 de enero de 2022;28079;Madrid;14; Moratalaz;142;Horcajo;6.354;3.057;3.297
1 de enero de 2022;28079;Madrid;14; Moratalaz;143;Marroquina;26.297;12.113;14.184
1 de enero de 2022;28079;Madrid;14; Moratalaz;144;Media Legua;17.377;7.845;9.532
1 de enero de 2022;28079;Madrid;14; Moratalaz;145;Fontarrón;17.044;7.746;9.298
1 de enero de 2022;28079;Madrid;14; Moratalaz;146;Vinateros;16.599;7.366;9.233
1 de enero de 2022;28079;Madrid;15; Ciudad Lineal;151;Ventas;47.801;21.500;26.301
1 de enero de 2022;28079;Madrid;15; Ciudad Lineal;152;Pueblo Nuevo;61.935;28.582;33.353
1 de enero de 2022;28079;Madrid;15; Ciudad Lineal;153;Quintana;24.183;10.748;13.435
1 de enero de 2022;28079;Madrid;15; Ciudad Lineal;154;La Concepción;20.440;9.122;11.318
1 de enero de 2022;28079;Madrid;15; Ciudad Lineal;155;San Pascual;17.546;7.914;9.632
1 de enero de 2022;28079;Madrid;15; Ciudad Lineal;156;San Juan Bautista;12.287;5.731;6.556
1 de enero de 2022;28079;Madrid;15; Ciudad Lineal;157;Colina;6.338;2.865;3.473
1 de enero de 2022;28079;Madrid;15; Ciudad Lineal;158;Atalaya;1.607;696;911
1 de enero de 2022;28079;Madrid;15; Ciudad Lineal;159;Costillares;21.768;10.199;11.569
1 de enero de 2022;28079;Madrid;16; Hortaleza;161;Palomas;6.933;3.387;3.546
1 de enero de 2022;28079;Madrid;16; Hortaleza;162;Piovera;14.948;7.160;7.788
1 de enero de 2022;28079;Madrid;16; Hortaleza;163;Canillas;39.708;18.425;21.283
1 de enero de 2022;28079;Madrid;16; Hortaleza;164;Pinar del Rey;51.844;23.784;28.060
1 de enero de 2022;28079;Madrid;16; Hortaleza;165;Apóstol Santiago;15.374;7.343;8.031
1 de enero de 2022;28079;Madrid;16; Hortaleza;166;Valdefuentes;66.210;32.433;33.777
1 de enero de 2022;28079;Madrid;17; Villaverde;171;Villaverde Alto, Casco Histórico de Villaverde;46.156;22.013;24.143
1 de enero de 2022;28079;Madrid;17; Villaverde;172;San Cristóbal;16.640;8.223;8.417
1 de enero de 2022;28079;Madrid;17; Villaverde;173;Butarque;20.813;10.087;10.726
1 de enero de 2022;28079;Madrid;17; Villaverde;174;Los Rosales;37.319;17.918;19.401
1 de enero de 2022;28079;Madrid;17; Villaverde;175;Ángeles;32.901;15.357;17.544
1 de enero de 2022;28079;Madrid;18; Villa de Vallecas;181;Casco Histórico de Vallecas;39.578;18.971;20.607
1 de enero de 2022;28079;Madrid;18; Villa de Vallecas;182;Santa Eugenia;24.110;11.515;12.595
1 de enero de 2022;28079;Madrid;18; Villa de Vallecas;183;Ensanche de Vallecas;51.129;25.094;26.035
1 de enero de 2022;28079;Madrid;19; Vicálvaro;191;Casco Histórico de Vicálvaro;35.086;16.925;18.161
1 de enero de 2022;28079;Madrid;19; Vicálvaro;192;Valdebernardo;17.431;8.321;9.110
1 de enero de 2022;28079;Madrid;19; Vicálvaro;193;Valderrivas;17.867;8.666;9.201
1 de enero de 2022;28079;Madrid;19; Vicálvaro;194;El Cañaveral;8.944;4.525;4.419
1 de enero de 2022;28079;Madrid;20; San Blas-Canillejas;201;Simancas;28.171;13.290;14.881
1 de enero de 2022;28079;Madrid;20; San Blas-Canillejas;202;Hellín;9.274;4.271;5.003
1 de enero de 2022;28079;Madrid;20; San Blas-Canillejas;203;Amposta;8.710;4.062;4.648
1 de enero de 2022;28079;Madrid;20; San Blas-Canillejas;204;Arcos;24.960;11.724;13.236
1 de enero de 2022;28079;Madrid;20; San Blas-Canillejas;205;Rosas;30.887;14.840;16.047
1 de enero de 2022;28079;Madrid;20; San Blas-Canillejas;206;Rejas;16.971;8.270;8.701
1 de enero de 2022;28079;Madrid;20; San Blas-Canillejas;207;Canillejas;28.541;13.318;15.223
1 de enero de 2022;28079;Madrid;20; San Blas-Canillejas;208;El Salvador;11.269;5.307;5.962
1 de enero de 2022;28079;Madrid;21; Barajas;211;Alameda de Osuna;19.662;9.412;10.250
1 de enero de 2022;28079;Madrid;21; Barajas;212;Aeropuerto;1.895;967;928
1 de enero de 2022;28079;Madrid;21; Barajas;213;Casco Histórico de Barajas;7.351;3.531;3.820
1 de enero de 2022;28079;Madrid;21; Barajas;214;Timón;11.895;5.622;6.273
1 de enero de 2022;28079;Madrid;21; Barajas;215;Corralejos;7.601;3.743;3.858
1 de enero de 2021;28079;Madrid;1; Centro;11;Palacio;23.584;11.632;11.952
1 de enero de 2021;28079;Madrid;1; Centro;12;Embajadores;47.238;24.767;22.471
1 de enero de 2021;28079;Madrid;1; Centro;13;Cortes;10.787;5.379;5.408
1 de enero de 2021;28079;Madrid;1; Centro;14;Justicia;18.208;9.291;8.917
1 de enero de 2021;28079;Madrid;1; Centro;15;Universidad;33.426;16.692;16.734
1 de enero de 2021;28079;Madrid;1; Centro;16;Sol;7.993;4.120;3.873
1 de enero de 2021;28079;Madrid;2; Arganzuela;21;Imperial;22.596;10.446;12.150
1 de enero de 2021;28079;Madrid;2; Arganzuela;22;Acacias;36.395;16.741;19.654
1 de enero de 2021;28079;Madrid;2; Arganzuela;23;Chopera;20.077;9.118;10.959
1 de enero de 2021;28079;Madrid;2; Arganzuela;24;Legazpi;19.572;9.574;9.998
1 de enero de 2021;28079;Madrid;2; Arganzuela;25;Delicias;28.374;13.352;15.022
1 de enero de 2021;28079;Madrid;2; Arganzuela;26;Palos de la Frontera;25.785;12.059;13.726
1 de enero de 2021;28079;Madrid;2; Arganzuela;27;Atocha;1.444;710;734
1 de enero de 2021;28079;Madrid;3; Retiro;31;Pacífico;33.067;14.808;18.259
1 de enero de 2021;28079;Madrid;3; Retiro;32;Adelfas;18.653;8.610;10.043
1 de enero de 2021;28079;Madrid;3; Retiro;33;Estrella;23.051;10.636;12.415
1 de enero de 2021;28079;Madrid;3; Retiro;34;Ibiza;21.558;9.549;12.009
1 de enero de 2021;28079;Madrid;3; Retiro;35;Los Jerónimos;6.928;3.232;3.696
1 de enero de 2021;28079;Madrid;3; Retiro;36;Niño Jesús;15.300;6.965;8.335
1 de enero de 2021;28079;Madrid;4; Salamanca;41;Recoletos;15.629;7.048;8.581
1 de enero de 2021;28079;Madrid;4; Salamanca;42;Goya;29.479;12.820;16.659
1 de enero de 2021;28079;Madrid;4; Salamanca;43;Fuente del Berro;20.963;9.155;11.808
1 de enero de 2021;28079;Madrid;4; Salamanca;44;Guindalera;41.939;18.991;22.948
1 de enero de 2021;28079;Madrid;4; Salamanca;45;Lista;20.864;9.029;11.835
1 de enero de 2021;28079;Madrid;4; Salamanca;46;Castellana;17.142;7.497;9.645
1 de enero de 2021;28079;Madrid;5; Chamartín;51;El Viso;17.349;7.811;9.538
1 de enero de 2021;28079;Madrid;5; Chamartín;52;Prosperidad;36.303;16.219;20.084
1 de enero de 2021;28079;Madrid;5; Chamartín;53;Ciudad Jardín;18.618;8.306;10.312
1 de enero de 2021;28079;Madrid;5; Chamartín;54;Hispanoamérica;31.642;14.214;17.428
1 de enero de 2021;28079;Madrid;5; Chamartín;55;Nueva España;24.697;11.150;13.547
1 de enero de 2021;28079;Madrid;5; Chamartín;56;Castilla;17.091;7.899;9.192
1 de enero de 2021;28079;Madrid;6; Tetuán;61;Bellas Vistas;29.465;13.461;16.004
1 de enero de 2021;28079;Madrid;6; Tetuán;62;Cuatro Caminos;34.817;15.717;19.100
1 de enero de 2021;28079;Madrid;6; Tetuán;63;Castillejos;20.541;9.217;11.324
1 de enero de 2021;28079;Madrid;6; Tetuán;64;Almenara;22.738;10.470;12.268
1 de enero de 2021;28079;Madrid;6; Tetuán;65;Valdeacederas;26.625;12.414;14.211
1 de enero de 2021;28079;Madrid;6; Tetuán;66;Berruguete;25.663;11.473;14.190
1 de enero de 2021;28079;Madrid;7; Chamberí;71;Gaztambide;22.948;10.106;12.842
1 de enero de 2021;28079;Madrid;7; Chamberí;72;Arapiles;24.260;10.884;13.376
1 de enero de 2021;28079;Madrid;7; Chamberí;73;Trafalgar;24.628;11.029;13.599
1 de enero de 2021;28079;Madrid;7; Chamberí;74;Almagro;19.546;8.667;10.879
1 de enero de 2021;28079;Madrid;7; Chamberí;75;Ríos Rosas;27.216;11.977;15.239
1 de enero de 2021;28079;Madrid;7; Chamberí;76;Vallehermoso;20.069;8.650;11.419
1 de enero de 2021;28079;Madrid;8; Fuencarral-El Pardo;81;El Pardo;3.443;1.723;1.720
1 de enero de 2021;28079;Madrid;8; Fuencarral-El Pardo;82;Fuentelarreina;3.356;1.511;1.845
1 de enero de 2021;28079;Madrid;8; Fuencarral-El Pardo;83;Peñagrande;44.383;20.584;23.799
1 de enero de 2021;28079;Madrid;8; Fuencarral-El Pardo;84;Pilar;45.970;20.963;25.007
1 de enero de 2021;28079;Madrid;8; Fuencarral-El Pardo;85;La Paz;33.005;15.368;17.637
1 de enero de 2021;28079;Madrid;8; Fuencarral-El Pardo;86;Valverde;64.042;30.504;33.538
1 de enero de 2021;28079;Madrid;8; Fuencarral-El Pardo;87;Mirasierra;34.565;16.520;18.045
1 de enero de 2021;28079;Madrid;8; Fuencarral-El Pardo;88;El Goloso;18.928;9.347;9.581
1 de enero de 2021;28079;Madrid;9; Moncloa-Aravaca;91;Casa de Campo;13.066;6.058;7.008
1 de enero de 2021;28079;Madrid;9; Moncloa-Aravaca;92;Argüelles;24.162;10.974;13.188
1 de enero de 2021;28079;Madrid;9; Moncloa-Aravaca;93;Ciudad Universitaria;16.175;7.417;8.758
1 de enero de 2021;28079;Madrid;9; Moncloa-Aravaca;94;Valdezarza;30.091;13.744;16.347
1 de enero de 2021;28079;Madrid;9; Moncloa-Aravaca;95;Valdemarín;6.856;3.163;3.693
1 de enero de 2021;28079;Madrid;9; Moncloa-Aravaca;96;El Plantío;2.916;1.336;1.580
1 de enero de 2021;28079;Madrid;9; Moncloa-Aravaca;97;Aravaca;27.568;12.896;14.672
1 de enero de 2021;28079;Madrid;10; Latina;101;Los Cármenes;17.577;8.338;9.239
1 de enero de 2021;28079;Madrid;10; Latina;102;Puerta del Ángel;41.982;19.344;22.638
1 de enero de 2021;28079;Madrid;10; Latina;103;Lucero;36.576;17.056;19.520
1 de enero de 2021;28079;Madrid;10; Latina;104;Aluche;66.968;30.626;36.342
1 de enero de 2021;28079;Madrid;10; Latina;105;Campamento;19.579;9.029;10.550
1 de enero de 2021;28079;Madrid;10; Latina;106;Cuatro Vientos;5.874;2.926;2.948
1 de enero de 2021;28079;Madrid;10; Latina;107;Águilas;51.599;23.890;27.709
1 de enero de 2021;28079;Madrid;11; Carabanchel;111;Comillas;22.695;10.471;12.224
1 de enero de 2021;28079;Madrid;11; Carabanchel;112;Opañel;33.656;15.385;18.271
1 de enero de 2021;28079;Madrid;11; Carabanchel;113;San Isidro;39.728;18.584;21.144
1 de enero de 2021;28079;Madrid;11; Carabanchel;114;Vista Alegre;47.082;21.440;25.642
1 de enero de 2021;28079;Madrid;11; Carabanchel;115;Puerta Bonita;35.947;16.868;19.079
1 de enero de 2021;28079;Madrid;11; Carabanchel;116;Buenavista;48.008;23.176;24.832
1 de enero de 2021;28079;Madrid;11; Carabanchel;117;Abrantes;31.517;14.676;16.841
1 de enero de 2021;28079;Madrid;12; Usera;121;Orcasitas;23.095;10.880;12.215
1 de enero de 2021;28079;Madrid;12; Usera;122;Orcasur;14.141;6.842;7.299
1 de enero de 2021;28079;Madrid;12; Usera;123;San Fermín;23.838;11.382;12.456
1 de enero de 2021;28079;Madrid;12; Usera;124;Almendrales;22.516;10.543;11.973
1 de enero de 2021;28079;Madrid;12; Usera;125;Moscardó;26.623;12.435;14.188
1 de enero de 2021;28079;Madrid;12; Usera;126;Zofío;14.336;6.733;7.603
1 de enero de 2021;28079;Madrid;12; Usera;127;Pradolongo;17.905;8.415;9.490
1 de enero de 2021;28079;Madrid;13; Puente de Vallecas;131;Entrevías;35.239;16.925;18.314
1 de enero de 2021;28079;Madrid;13; Puente de Vallecas;132;San Diego;43.574;20.793;22.781
1 de enero de 2021;28079;Madrid;13; Puente de Vallecas;133;Palomeras Bajas;40.468;18.959;21.509
1 de enero de 2021;28079;Madrid;13; Puente de Vallecas;134;Palomeras Sureste;42.924;20.429;22.495
1 de enero de 2021;28079;Madrid;13; Puente de Vallecas;135;Portazgo;28.736;13.508;15.228
1 de enero de 2021;28079;Madrid;13; Puente de Vallecas;136;Numancia;48.116;22.741;25.375
1 de enero de 2021;28079;Madrid;14; Moratalaz;141;Pavones;8.972;4.081;4.891
1 de enero de 2021;28079;Madrid;14; Moratalaz;142;Horcajo;6.371;3.045;3.326
1 de enero de 2021;28079;Madrid;14; Moratalaz;143;Marroquina;26.658;12.289;14.369
1 de enero de 2021;28079;Madrid;14; Moratalaz;144;Media Legua;17.660;7.992;9.668
1 de enero de 2021;28079;Madrid;14; Moratalaz;145;Fontarrón;17.290;7.841;9.449
1 de enero de 2021;28079;Madrid;14; Moratalaz;146;Vinateros;16.859;7.414;9.445
1 de enero de 2021;28079;Madrid;15; Ciudad Lineal;151;Ventas;48.411;21.721;26.690
1 de enero de 2021;28079;Madrid;15; Ciudad Lineal;152;Pueblo Nuevo;62.731;28.931;33.800
1 de enero de 2021;28079;Madrid;15; Ciudad Lineal;153;Quintana;24.621;10.931;13.690
1 de enero de 2021;28079;Madrid;15; Ciudad Lineal;154;La Concepción;20.727;9.205;11.522
1 de enero de 2021;28079;Madrid;15; Ciudad Lineal;155;San Pascual;17.823;8.017;9.806
1 de enero de 2021;28079;Madrid;15; Ciudad Lineal;156;San Juan Bautista;12.484;5.828;6.656
1 de enero de 2021;28079;Madrid;15; Ciudad Lineal;157;Colina;6.367;2.857;3.510
1 de enero de 2021;28079;Madrid;15; Ciudad Lineal;158;Atalaya;1.580;687;893
1 de enero de 2021;28079;Madrid;15; Ciudad Lineal;159;Costillares;22.074;10.337;11.737
1 de enero de 2021;28079;Madrid;16; Hortaleza;161;Palomas;6.891;3.360;3.531
1 de enero de 2021;28079;Madrid;16; Hortaleza;162;Piovera;14.835;7.049;7.786
1 de enero de 2021;28079;Madrid;16; Hortaleza;163;Canillas;40.281;18.757;21.524
1 de enero de 2021;28079;Madrid;16; Hortaleza;164;Pinar del Rey;52.494;24.116;28.378
1 de enero de 2021;28079;Madrid;16; Hortaleza;165;Apóstol Santiago;15.473;7.338;8.135
1 de enero de 2021;28079;Madrid;16; Hortaleza;166;Valdefuentes;63.254;30.965;32.289
1 de enero de 2021;28079;Madrid;17; Villaverde;171;Villaverde Alto, Casco Histórico de Villaverde;46.637;22.180;24.457
1 de enero de 2021;28079;Madrid;17; Villaverde;172;San Cristóbal;16.986;8.345;8.641
1 de enero de 2021;28079;Madrid;17; Villaverde;173;Butarque;20.722;10.048;10.674
1 de enero de 2021;28079;Madrid;17; Villaverde;174;Los Rosales;37.790;18.145;19.645
1 de enero de 2021;28079;Madrid;17; Villaverde;175;Ángeles;32.673;15.229;17.444
1 de enero de 2021;28079;Madrid;18; Villa de Vallecas;181;Casco Histórico de Vallecas;40.241;19.284;20.957
1 de enero de 2021;28079;Madrid;18; Villa de Vallecas;182;Santa Eugenia;24.288;11.635;12.653
1 de enero de 2021;28079;Madrid;18; Villa de Vallecas;183;Ensanche de Vallecas;50.204;24.687;25.517
1 de enero de 2021;28079;Madrid;19; Vicálvaro;191;Casco Histórico de Vicálvaro;35.548;17.141;18.407
1 de enero de 2021;28079;Madrid;19; Vicálvaro;192;Valdebernardo;17.546;8.350;9.196
1 de enero de 2021;28079;Madrid;19; Vicálvaro;193;Valderrivas;17.961;8.752;9.209
1 de enero de 2021;28079;Madrid;19; Vicálvaro;194;El Cañaveral;4.430;2.254;2.176
1 de enero de 2021;28079;Madrid;20; San Blas-Canillejas;201;Simancas;28.451;13.460;14.991
1 de enero de 2021;28079;Madrid;20; San Blas-Canillejas;202;Hellín;9.359;4.300;5.059
1 de enero de 2021;28079;Madrid;20; San Blas-Canillejas;203;Amposta;8.885;4.091;4.794
1 de enero de 2021;28079;Madrid;20; San Blas-Canillejas;204;Arcos;24.642;11.610;13.032
1 de enero de 2021;28079;Madrid;20; San Blas-Canillejas;205;Rosas;31.534;15.121;16.413
1 de enero de 2021;28079;Madrid;20; San Blas-Canillejas;206;Rejas;17.098;8.284;8.814
1 de enero de 2021;28079;Madrid;20; San Blas-Canillejas;207;Canillejas;28.925;13.556;15.369
1 de enero de 2021;28079;Madrid;20; San Blas-Canillejas;208;El Salvador;11.364;5.366;5.998
1 de enero de 2021;28079;Madrid;21; Barajas;211;Alameda de Osuna;19.657;9.430;10.227
1 de enero de 2021;28079;Madrid;21; Barajas;212;Aeropuerto;1.918;988;930
1 de enero de 2021;28079;Madrid;21; Barajas;213;Casco Histórico de Barajas;7.504;3.593;3.911
1 de enero de 2021;28079;Madrid;21; Barajas;214;Timón;13.334;6.379;6.955
1 de enero de 2021;28079;Madrid;21; Barajas;215;Corralejos;7.664;3.781;3.883
1 de enero de 2020;28079;Madrid;1; Centro;11;Palacio;23.593;11.628;11.965
1 de enero de 2020;28079;Madrid;1; Centro;12;Embajadores;47.048;24.497;22.551
1 de enero de 2020;28079;Madrid;1; Centro;13;Cortes;10.771;5.365;5.406
1 de enero de 2020;28079;Madrid;1; Centro;14;Justicia;18.021;9.161;8.860
1 de enero de 2020;28079;Madrid;1; Centro;15;Universidad;33.418;16.581;16.837
1 de enero de 2020;28079;Madrid;1; Centro;16;Sol;7.622;3.895;3.727
1 de enero de 2020;28079;Madrid;2; Arganzuela;21;Imperial;22.908;10.593;12.315
1 de enero de 2020;28079;Madrid;2; Arganzuela;22;Acacias;36.922;17.045;19.877
1 de enero de 2020;28079;Madrid;2; Arganzuela;23;Chopera;20.287;9.199;11.088
1 de enero de 2020;28079;Madrid;2; Arganzuela;24;Legazpi;19.810;9.671;10.139
1 de enero de 2020;28079;Madrid;2; Arganzuela;25;Delicias;28.233;13.216;15.017
1 de enero de 2020;28079;Madrid;2; Arganzuela;26;Palos de la Frontera;26.289;12.276;14.013
1 de enero de 2020;28079;Madrid;2; Arganzuela;27;Atocha;1.211;600;611
1 de enero de 2020;28079;Madrid;3; Retiro;31;Pacífico;33.767;15.108;18.659
1 de enero de 2020;28079;Madrid;3; Retiro;32;Adelfas;18.785;8.655;10.130
1 de enero de 2020;28079;Madrid;3; Retiro;33;Estrella;23.354;10.765;12.589
1 de enero de 2020;28079;Madrid;3; Retiro;34;Ibiza;21.993;9.699;12.294
1 de enero de 2020;28079;Madrid;3; Retiro;35;Los Jerónimos;7.046;3.293;3.753
1 de enero de 2020;28079;Madrid;3; Retiro;36;Niño Jesús;15.461;6.997;8.464
1 de enero de 2020;28079;Madrid;4; Salamanca;41;Recoletos;15.846;7.132;8.714
1 de enero de 2020;28079;Madrid;4; Salamanca;42;Goya;29.945;13.012;16.933
1 de enero de 2020;28079;Madrid;4; Salamanca;43;Fuente del Berro;21.249;9.285;11.964
1 de enero de 2020;28079;Madrid;4; Salamanca;44;Guindalera;42.306;19.146;23.160
1 de enero de 2020;28079;Madrid;4; Salamanca;45;Lista;21.211;9.111;12.100
1 de enero de 2020;28079;Madrid;4; Salamanca;46;Castellana;17.297;7.534;9.763
1 de enero de 2020;28079;Madrid;5; Chamartín;51;El Viso;17.433;7.843;9.590
1 de enero de 2020;28079;Madrid;5; Chamartín;52;Prosperidad;36.940;16.509;20.431
1 de enero de 2020;28079;Madrid;5; Chamartín;53;Ciudad Jardín;18.893;8.415;10.478
1 de enero de 2020;28079;Madrid;5; Chamartín;54;Hispanoamérica;32.042;14.388;17.654
1 de enero de 2020;28079;Madrid;5; Chamartín;55;Nueva España;25.015;11.347;13.668
1 de enero de 2020;28079;Madrid;5; Chamartín;56;Castilla;17.228;7.922;9.306
1 de enero de 2020;28079;Madrid;6; Tetuán;61;Bellas Vistas;29.895;13.646;16.249
1 de enero de 2020;28079;Madrid;6; Tetuán;62;Cuatro Caminos;35.192;15.832;19.360
1 de enero de 2020;28079;Madrid;6; Tetuán;63;Castillejos;20.835;9.391;11.444
1 de enero de 2020;28079;Madrid;6; Tetuán;64;Almenara;23.003;10.551;12.452
1 de enero de 2020;28079;Madrid;6; Tetuán;65;Valdeacederas;26.545;12.346;14.199
1 de enero de 2020;28079;Madrid;6; Tetuán;66;Berruguete;25.843;11.592;14.251
1 de enero de 2020;28079;Madrid;7; Chamberí;71;Gaztambide;23.329;10.235;13.094
1 de enero de 2020;28079;Madrid;7; Chamberí;72;Arapiles;24.704;11.025;13.679
1 de enero de 2020;28079;Madrid;7; Chamberí;73;Trafalgar;25.023;11.161;13.862
1 de enero de 2020;28079;Madrid;7; Chamberí;74;Almagro;19.838;8.795;11.043
1 de enero de 2020;28079;Madrid;7; Chamberí;75;Ríos Rosas;27.569;12.132;15.437
1 de enero de 2020;28079;Madrid;7; Chamberí;76;Vallehermoso;20.403;8.788;11.615
1 de enero de 2020;28079;Madrid;8; Fuencarral-El Pardo;81;El Pardo;3.472;1.724;1.748
1 de enero de 2020;28079;Madrid;8; Fuencarral-El Pardo;82;Fuentelarreina;3.308;1.500;1.808
1 de enero de 2020;28079;Madrid;8; Fuencarral-El Pardo;83;Peñagrande;44.938;20.899;24.039
1 de enero de 2020;28079;Madrid;8; Fuencarral-El Pardo;84;Pilar;46.855;21.379;25.476
1 de enero de 2020;28079;Madrid;8; Fuencarral-El Pardo;85;La Paz;33.644;15.754;17.890
1 de enero de 2020;28079;Madrid;8; Fuencarral-El Pardo;86;Valverde;64.668;30.772;33.896
1 de enero de 2020;28079;Madrid;8; Fuencarral-El Pardo;87;Mirasierra;34.046;16.222;17.824
1 de enero de 2020;28079;Madrid;8; Fuencarral-El Pardo;88;El Goloso;19.042;9.390;9.652
1 de enero de 2020;28079;Madrid;9; Moncloa-Aravaca;91;Casa de Campo;13.201;6.114;7.087
1 de enero de 2020;28079;Madrid;9; Moncloa-Aravaca;92;Argüelles;24.423;11.074;13.349
1 de enero de 2020;28079;Madrid;9; Moncloa-Aravaca;93;Ciudad Universitaria;16.395;7.483;8.912
1 de enero de 2020;28079;Madrid;9; Moncloa-Aravaca;94;Valdezarza;30.405;13.918;16.487
1 de enero de 2020;28079;Madrid;9; Moncloa-Aravaca;95;Valdemarín;6.957;3.197;3.760
1 de enero de 2020;28079;Madrid;9; Moncloa-Aravaca;96;El Plantío;2.799;1.290;1.509
1 de enero de 2020;28079;Madrid;9; Moncloa-Aravaca;97;Aravaca;27.503;12.899;14.604
1 de enero de 2020;28079;Madrid;10; Latina;101;Los Cármenes;17.736;8.390;9.346
1 de enero de 2020;28079;Madrid;10; Latina;102;Puerta del Ángel;42.362;19.529;22.833
1 de enero de 2020;28079;Madrid;10; Latina;103;Lucero;36.783;17.091;19.692
1 de enero de 2020;28079;Madrid;10; Latina;104;Aluche;67.418;30.925;36.493
1 de enero de 2020;28079;Madrid;10; Latina;105;Campamento;19.848;9.216;10.632
1 de enero de 2020;28079;Madrid;10; Latina;106;Cuatro Vientos;5.881;2.958;2.923
1 de enero de 2020;28079;Madrid;10; Latina;107;Águilas;52.111;24.173;27.938
1 de enero de 2020;28079;Madrid;11; Carabanchel;111;Comillas;23.001;10.566;12.435
1 de enero de 2020;28079;Madrid;11; Carabanchel;112;Opañel;33.681;15.389;18.292
1 de enero de 2020;28079;Madrid;11; Carabanchel;113;San Isidro;40.023;18.710;21.313
1 de enero de 2020;28079;Madrid;11; Carabanchel;114;Vista Alegre;47.602;21.731;25.871
1 de enero de 2020;28079;Madrid;11; Carabanchel;115;Puerta Bonita;35.932;16.822;19.110
1 de enero de 2020;28079;Madrid;11; Carabanchel;116;Buenavista;48.010;23.198;24.812
1 de enero de 2020;28079;Madrid;11; Carabanchel;117;Abrantes;31.947;14.901;17.046
1 de enero de 2020;28079;Madrid;12; Usera;121;Orcasitas;23.173;10.898;12.275
1 de enero de 2020;28079;Madrid;12; Usera;122;Orcasur;14.154;6.846;7.308
1 de enero de 2020;28079;Madrid;12; Usera;123;San Fermín;24.001;11.441;12.560
1 de enero de 2020;28079;Madrid;12; Usera;124;Almendrales;22.179;10.362;11.817
1 de enero de 2020;28079;Madrid;12; Usera;125;Moscardó;27.128;12.673;14.455
1 de enero de 2020;28079;Madrid;12; Usera;126;Zofío;14.412;6.773;7.639
1 de enero de 2020;28079;Madrid;12; Usera;127;Pradolongo;17.847;8.353;9.494
1 de enero de 2020;28079;Madrid;13; Puente de Vallecas;131;Entrevías;35.516;17.076;18.440
1 de enero de 2020;28079;Madrid;13; Puente de Vallecas;132;San Diego;43.899;20.957;22.942
1 de enero de 2020;28079;Madrid;13; Puente de Vallecas;133;Palomeras Bajas;40.910;19.205;21.705
1 de enero de 2020;28079;Madrid;13; Puente de Vallecas;134;Palomeras Sureste;43.164;20.610;22.554
1 de enero de 2020;28079;Madrid;13; Puente de Vallecas;135;Portazgo;28.968;13.560;15.408
1 de enero de 2020;28079;Madrid;13; Puente de Vallecas;136;Numancia;48.410;22.827;25.583
1 de enero de 2020;28079;Madrid;14; Moratalaz;141;Pavones;9.355;4.274;5.081
1 de enero de 2020;28079;Madrid;14; Moratalaz;142;Horcajo;6.435;3.074;3.361
1 de enero de 2020;28079;Madrid;14; Moratalaz;143;Marroquina;27.232;12.595;14.637
1 de enero de 2020;28079;Madrid;14; Moratalaz;144;Media Legua;17.951;8.185;9.766
1 de enero de 2020;28079;Madrid;14; Moratalaz;145;Fontarrón;17.519;7.935;9.584
1 de enero de 2020;28079;Madrid;14; Moratalaz;146;Vinateros;17.122;7.522;9.600
1 de enero de 2020;28079;Madrid;15; Ciudad Lineal;151;Ventas;48.891;21.942;26.949
1 de enero de 2020;28079;Madrid;15; Ciudad Lineal;152;Pueblo Nuevo;63.521;29.399;34.122
1 de enero de 2020;28079;Madrid;15; Ciudad Lineal;153;Quintana;25.151;11.120;14.031
1 de enero de 2020;28079;Madrid;15; Ciudad Lineal;154;La Concepción;21.153;9.374;11.779
1 de enero de 2020;28079;Madrid;15; Ciudad Lineal;155;San Pascual;18.107;8.152;9.955
1 de enero de 2020;28079;Madrid;15; Ciudad Lineal;156;San Juan Bautista;12.725;5.923;6.802
1 de enero de 2020;28079;Madrid;15; Ciudad Lineal;157;Colina;6.519;2.938;3.581
1 de enero de 2020;28079;Madrid;15; Ciudad Lineal;158;Atalaya;1.555;667;888
1 de enero de 2020;28079;Madrid;15; Ciudad Lineal;159;Costillares;22.245;10.451;11.794
1 de enero de 2020;28079;Madrid;16; Hortaleza;161;Palomas;6.839;3.318;3.521
1 de enero de 2020;28079;Madrid;16; Hortaleza;162;Piovera;14.939;7.119;7.820
1 de enero de 2020;28079;Madrid;16; Hortaleza;163;Canillas;40.838;19.028;21.810
1 de enero de 2020;28079;Madrid;16; Hortaleza;164;Pinar del Rey;53.162;24.529;28.633
1 de enero de 2020;28079;Madrid;16; Hortaleza;165;Apóstol Santiago;15.555;7.365;8.190
1 de enero de 2020;28079;Madrid;16; Hortaleza;166;Valdefuentes;61.931;30.300;31.631
1 de enero de 2020;28079;Madrid;17; Villaverde;171;Villaverde Alto, Casco Histórico de Villaverde;46.749;22.228;24.521
1 de enero de 2020;28079;Madrid;17; Villaverde;172;San Cristóbal;16.898;8.222;8.676
1 de enero de 2020;28079;Madrid;17; Villaverde;173;Butarque;20.026;9.704;10.322
1 de enero de 2020;28079;Madrid;17; Villaverde;174;Los Rosales;38.107;18.336;19.771
1 de enero de 2020;28079;Madrid;17; Villaverde;175;Ángeles;32.538;15.149;17.389
1 de enero de 2020;28079;Madrid;18; Villa de Vallecas;181;Casco Histórico de Vallecas;40.956;19.656;21.300
1 de enero de 2020;28079;Madrid;18; Villa de Vallecas;182;Santa Eugenia;24.684;11.833;12.851
1 de enero de 2020;28079;Madrid;18; Villa de Vallecas;183;Ensanche de Vallecas;48.872;24.021;24.851
1 de enero de 2020;28079;Madrid;19; Vicálvaro;191;Casco Histórico de Vicálvaro;35.666;17.220;18.446
1 de enero de 2020;28079;Madrid;19; Vicálvaro;192;Valdebernardo;17.834;8.478;9.356
1 de enero de 2020;28079;Madrid;19; Vicálvaro;193;Valderrivas;18.150;8.867;9.283
1 de enero de 2020;28079;Madrid;19; Vicálvaro;194;El Cañaveral;2.398;1.230;1.168
1 de enero de 2020;28079;Madrid;20; San Blas-Canillejas;201;Simancas;28.698;13.574;15.124
1 de enero de 2020;28079;Madrid;20; San Blas-Canillejas;202;Hellín;9.342;4.260;5.082
1 de enero de 2020;28079;Madrid;20; San Blas-Canillejas;203;Amposta;8.874;4.108;4.766
1 de enero de 2020;28079;Madrid;20; San Blas-Canillejas;204;Arcos;24.692;11.612;13.080
1 de enero de 2020;28079;Madrid;20; San Blas-Canillejas;205;Rosas;31.794;15.253;16.541
1 de enero de 2020;28079;Madrid;20; San Blas-Canillejas;206;Rejas;17.299;8.395;8.904
1 de enero de 2020;28079;Madrid;20; San Blas-Canillejas;207;Canillejas;29.047;13.607;15.440
1 de enero de 2020;28079;Madrid;20; San Blas-Canillejas;208;El Salvador;11.476;5.443;6.033
1 de enero de 2020;28079;Madrid;21; Barajas;211;Alameda de Osuna;19.820;9.533;10.287
1 de enero de 2020;28079;Madrid;21; Barajas;212;Aeropuerto;1.900;975;925
1 de enero de 2020;28079;Madrid;21; Barajas;213;Casco Histórico de Barajas;7.683;3.688;3.995
1 de enero de 2020;28079;Madrid;21; Barajas;214;Timón;12.853;6.151;6.702
1 de enero de 2020;28079;Madrid;21; Barajas;215;Corralejos;7.754;3.802;3.952
1 de enero de 2019;28079;Madrid;1; Centro;11;Palacio;22.923;11.213;11.710
1 de enero de 2019;28079;Madrid;1; Centro;12;Embajadores;45.259;23.390;21.869
1 de enero de 2019;28079;Madrid;1; Centro;13;Cortes;10.484;5.235;5.249
1 de enero de 2019;28079;Madrid;1; Centro;14;Justicia;17.153;8.675;8.478
1 de enero de 2019;28079;Madrid;1; Centro;15;Universidad;31.725;15.567;16.158
1 de enero de 2019;28079;Madrid;1; Centro;16;Sol;7.337;3.749;3.588
1 de enero de 2019;28079;Madrid;2; Arganzuela;21;Imperial;22.766;10.543;12.223
1 de enero de 2019;28079;Madrid;2; Arganzuela;22;Acacias;36.785;16.943;19.842
1 de enero de 2019;28079;Madrid;2; Arganzuela;23;Chopera;19.993;9.064;10.929
1 de enero de 2019;28079;Madrid;2; Arganzuela;24;Legazpi;19.652;9.629;10.023
1 de enero de 2019;28079;Madrid;2; Arganzuela;25;Delicias;27.658;12.880;14.778
1 de enero de 2019;28079;Madrid;2; Arganzuela;26;Palos de la Frontera;25.801;11.999;13.802
1 de enero de 2019;28079;Madrid;2; Arganzuela;27;Atocha;1.175;573;602
1 de enero de 2019;28079;Madrid;3; Retiro;31;Pacífico;33.571;14.992;18.579
1 de enero de 2019;28079;Madrid;3; Retiro;32;Adelfas;18.474;8.532;9.942
1 de enero de 2019;28079;Madrid;3; Retiro;33;Estrella;23.306;10.798;12.508
1 de enero de 2019;28079;Madrid;3; Retiro;34;Ibiza;21.646;9.517;12.129
1 de enero de 2019;28079;Madrid;3; Retiro;35;Los Jerónimos;7.039;3.285;3.754
1 de enero de 2019;28079;Madrid;3; Retiro;36;Niño Jesús;15.343;6.974;8.369
1 de enero de 2019;28079;Madrid;4; Salamanca;41;Recoletos;15.734;7.074;8.660
1 de enero de 2019;28079;Madrid;4; Salamanca;42;Goya;29.649;12.836;16.813
1 de enero de 2019;28079;Madrid;4; Salamanca;43;Fuente del Berro;21.071;9.197;11.874
1 de enero de 2019;28079;Madrid;4; Salamanca;44;Guindalera;41.609;18.809;22.800
1 de enero de 2019;28079;Madrid;4; Salamanca;45;Lista;20.961;9.040;11.921
1 de enero de 2019;28079;Madrid;4; Salamanca;46;Castellana;17.124;7.439;9.685
1 de enero de 2019;28079;Madrid;5; Chamartín;51;El Viso;17.302;7.783;9.519
1 de enero de 2019;28079;Madrid;5; Chamartín;52;Prosperidad;36.651;16.374;20.277
1 de enero de 2019;28079;Madrid;5; Chamartín;53;Ciudad Jardín;18.642;8.233;10.409
1 de enero de 2019;28079;Madrid;5; Chamartín;54;Hispanoamérica;31.733;14.218;17.515
1 de enero de 2019;28079;Madrid;5; Chamartín;55;Nueva España;24.657;11.166;13.491
1 de enero de 2019;28079;Madrid;5; Chamartín;56;Castilla;16.880;7.791;9.089
1 de enero de 2019;28079;Madrid;6; Tetuán;61;Bellas Vistas;29.146;13.292;15.854
1 de enero de 2019;28079;Madrid;6; Tetuán;62;Cuatro Caminos;34.608;15.580;19.028
1 de enero de 2019;28079;Madrid;6; Tetuán;63;Castillejos;20.513;9.201;11.312
1 de enero de 2019;28079;Madrid;6; Tetuán;64;Almenara;22.642;10.314;12.328
1 de enero de 2019;28079;Madrid;6; Tetuán;65;Valdeacederas;26.021;12.082;13.939
1 de enero de 2019;28079;Madrid;6; Tetuán;66;Berruguete;25.007;11.163;13.844
1 de enero de 2019;28079;Madrid;7; Chamberí;71;Gaztambide;22.891;10.062;12.829
1 de enero de 2019;28079;Madrid;7; Chamberí;72;Arapiles;24.455;10.888;13.567
1 de enero de 2019;28079;Madrid;7; Chamberí;73;Trafalgar;24.696;10.958;13.738
1 de enero de 2019;28079;Madrid;7; Chamberí;74;Almagro;19.807;8.726;11.081
1 de enero de 2019;28079;Madrid;7; Chamberí;75;Ríos Rosas;27.382;11.982;15.400
1 de enero de 2019;28079;Madrid;7; Chamberí;76;Vallehermoso;20.217;8.692;11.525
1 de enero de 2019;28079;Madrid;8; Fuencarral-El Pardo;81;El Pardo;3.454;1.704;1.750
1 de enero de 2019;28079;Madrid;8; Fuencarral-El Pardo;82;Fuentelarreina;3.265;1.481;1.784
1 de enero de 2019;28079;Madrid;8; Fuencarral-El Pardo;83;Peñagrande;44.508;20.743;23.765
1 de enero de 2019;28079;Madrid;8; Fuencarral-El Pardo;84;Pilar;46.419;21.206;25.213
1 de enero de 2019;28079;Madrid;8; Fuencarral-El Pardo;85;La Paz;33.765;15.800;17.965
1 de enero de 2019;28079;Madrid;8; Fuencarral-El Pardo;86;Valverde;63.201;30.031;33.170
1 de enero de 2019;28079;Madrid;8; Fuencarral-El Pardo;87;Mirasierra;32.898;15.704;17.194
1 de enero de 2019;28079;Madrid;8; Fuencarral-El Pardo;88;El Goloso;18.511;9.128;9.383
1 de enero de 2019;28079;Madrid;9; Moncloa-Aravaca;91;Casa de Campo;12.991;5.963;7.028
1 de enero de 2019;28079;Madrid;9; Moncloa-Aravaca;92;Argüelles;24.093;10.907;13.186
1 de enero de 2019;28079;Madrid;9; Moncloa-Aravaca;93;Ciudad Universitaria;16.260;7.398;8.862
1 de enero de 2019;28079;Madrid;9; Moncloa-Aravaca;94;Valdezarza;29.722;13.637;16.085
1 de enero de 2019;28079;Madrid;9; Moncloa-Aravaca;95;Valdemarín;6.726;3.109;3.617
1 de enero de 2019;28079;Madrid;9; Moncloa-Aravaca;96;El Plantío;2.808;1.301;1.507
1 de enero de 2019;28079;Madrid;9; Moncloa-Aravaca;97;Aravaca;26.823;12.619;14.204
1 de enero de 2019;28079;Madrid;10; Latina;101;Los Cármenes;17.397;8.183;9.214
1 de enero de 2019;28079;Madrid;10; Latina;102;Puerta del Ángel;41.730;19.189;22.541
1 de enero de 2019;28079;Madrid;10; Latina;103;Lucero;36.090;16.771;19.319
1 de enero de 2019;28079;Madrid;10; Latina;104;Aluche;66.351;30.451;35.900
1 de enero de 2019;28079;Madrid;10; Latina;105;Campamento;19.281;8.981;10.300
1 de enero de 2019;28079;Madrid;10; Latina;106;Cuatro Vientos;5.748;2.909;2.839
1 de enero de 2019;28079;Madrid;10; Latina;107;Águilas;51.557;23.917;27.640
1 de enero de 2019;28079;Madrid;11; Carabanchel;111;Comillas;22.403;10.230;12.173
1 de enero de 2019;28079;Madrid;11; Carabanchel;112;Opañel;33.051;15.125;17.926
1 de enero de 2019;28079;Madrid;11; Carabanchel;113;San Isidro;38.957;18.196;20.761
1 de enero de 2019;28079;Madrid;11; Carabanchel;114;Vista Alegre;45.975;20.896;25.079
1 de enero de 2019;28079;Madrid;11; Carabanchel;115;Puerta Bonita;34.860;16.318;18.542
1 de enero de 2019;28079;Madrid;11; Carabanchel;116;Buenavista;47.055;22.737;24.318
1 de enero de 2019;28079;Madrid;11; Carabanchel;117;Abrantes;30.739;14.300;16.439
1 de enero de 2019;28079;Madrid;12; Usera;121;Orcasitas;22.837;10.765;12.072
1 de enero de 2019;28079;Madrid;12; Usera;122;Orcasur;13.808;6.697;7.111
1 de enero de 2019;28079;Madrid;12; Usera;123;San Fermín;23.666;11.310;12.356
1 de enero de 2019;28079;Madrid;12; Usera;124;Almendrales;21.439;10.043;11.396
1 de enero de 2019;28079;Madrid;12; Usera;125;Moscardó;26.353;12.300;14.053
1 de enero de 2019;28079;Madrid;12; Usera;126;Zofío;13.968;6.509;7.459
1 de enero de 2019;28079;Madrid;12; Usera;127;Pradolongo;17.430;8.157;9.273
1 de enero de 2019;28079;Madrid;13; Puente de Vallecas;131;Entrevías;34.698;16.677;18.021
1 de enero de 2019;28079;Madrid;13; Puente de Vallecas;132;San Diego;41.664;19.833;21.831
1 de enero de 2019;28079;Madrid;13; Puente de Vallecas;133;Palomeras Bajas;40.166;18.886;21.280
1 de enero de 2019;28079;Madrid;13; Puente de Vallecas;134;Palomeras Sureste;42.594;20.253;22.341
1 de enero de 2019;28079;Madrid;13; Puente de Vallecas;135;Portazgo;28.350;13.234;15.116
1 de enero de 2019;28079;Madrid;13; Puente de Vallecas;136;Numancia;47.298;22.300;24.998
1 de enero de 2019;28079;Madrid;14; Moratalaz;141;Pavones;9.137;4.185;4.952
1 de enero de 2019;28079;Madrid;14; Moratalaz;142;Horcajo;6.334;3.030;3.304
1 de enero de 2019;28079;Madrid;14; Moratalaz;143;Marroquina;27.260;12.646;14.614
1 de enero de 2019;28079;Madrid;14; Moratalaz;144;Media Legua;17.871;8.166;9.705
1 de enero de 2019;28079;Madrid;14; Moratalaz;145;Fontarrón;17.139;7.779;9.360
1 de enero de 2019;28079;Madrid;14; Moratalaz;146;Vinateros;16.868;7.403;9.465
1 de enero de 2019;28079;Madrid;15; Ciudad Lineal;151;Ventas;48.099;21.619;26.480
1 de enero de 2019;28079;Madrid;15; Ciudad Lineal;152;Pueblo Nuevo;62.111;28.830;33.281
1 de enero de 2019;28079;Madrid;15; Ciudad Lineal;153;Quintana;24.622;10.882;13.740
1 de enero de 2019;28079;Madrid;15; Ciudad Lineal;154;La Concepción;20.856;9.245;11.611
1 de enero de 2019;28079;Madrid;15; Ciudad Lineal;155;San Pascual;18.130;8.154;9.976
1 de enero de 2019;28079;Madrid;15; Ciudad Lineal;156;San Juan Bautista;12.487;5.810;6.677
1 de enero de 2019;28079;Madrid;15; Ciudad Lineal;157;Colina;6.387;2.864;3.523
1 de enero de 2019;28079;Madrid;15; Ciudad Lineal;158;Atalaya;1.568;654;914
1 de enero de 2019;28079;Madrid;15; Ciudad Lineal;159;Costillares;22.010;10.312;11.698
1 de enero de 2019;28079;Madrid;16; Hortaleza;161;Palomas;6.790;3.318;3.472
1 de enero de 2019;28079;Madrid;16; Hortaleza;162;Piovera;14.911;7.155;7.756
1 de enero de 2019;28079;Madrid;16; Hortaleza;163;Canillas;40.578;18.919;21.659
1 de enero de 2019;28079;Madrid;16; Hortaleza;164;Pinar del Rey;52.691;24.277;28.414
1 de enero de 2019;28079;Madrid;16; Hortaleza;165;Apóstol Santiago;15.418;7.290;8.128
1 de enero de 2019;28079;Madrid;16; Hortaleza;166;Valdefuentes;57.879;28.348;29.531
1 de enero de 2019;28079;Madrid;17; Villaverde;171;Villaverde Alto, Casco Histórico de Villaverde;45.204;21.488;23.716
1 de enero de 2019;28079;Madrid;17; Villaverde;172;San Cristóbal;16.052;7.834;8.218
1 de enero de 2019;28079;Madrid;17; Villaverde;173;Butarque;18.870;9.110;9.760
1 de enero de 2019;28079;Madrid;17; Villaverde;174;Los Rosales;37.587;18.071;19.516
1 de enero de 2019;28079;Madrid;17; Villaverde;175;Ángeles;31.170;14.514;16.656
1 de enero de 2019;28079;Madrid;18; Villa de Vallecas;181;Casco Histórico de Vallecas;40.280;19.417;20.863
1 de enero de 2019;28079;Madrid;18; Villa de Vallecas;182;Santa Eugenia;24.328;11.692;12.636
1 de enero de 2019;28079;Madrid;18; Villa de Vallecas;183;Ensanche de Vallecas;45.828;22.566;23.262
1 de enero de 2019;28079;Madrid;19; Vicálvaro;191;Casco Histórico de Vicálvaro;34.816;16.781;18.035
1 de enero de 2019;28079;Madrid;19; Vicálvaro;192;Valdebernardo;17.638;8.388;9.250
1 de enero de 2019;28079;Madrid;19; Vicálvaro;193;Valderrivas;18.142;8.894;9.248
1 de enero de 2019;28079;Madrid;19; Vicálvaro;194;El Cañaveral;1.530;785;745
1 de enero de 2019;28079;Madrid;20; San Blas-Canillejas;201;Simancas;27.918;13.142;14.776
1 de enero de 2019;28079;Madrid;20; San Blas-Canillejas;202;Hellín;9.157;4.181;4.976
1 de enero de 2019;28079;Madrid;20; San Blas-Canillejas;203;Amposta;8.575;3.968;4.607
1 de enero de 2019;28079;Madrid;20; San Blas-Canillejas;204;Arcos;24.211;11.327;12.884
1 de enero de 2019;28079;Madrid;20; San Blas-Canillejas;205;Rosas;31.677;15.213;16.464
1 de enero de 2019;28079;Madrid;20; San Blas-Canillejas;206;Rejas;16.693;8.142;8.551
1 de enero de 2019;28079;Madrid;20; San Blas-Canillejas;207;Canillejas;28.584;13.404;15.180
1 de enero de 2019;28079;Madrid;20; San Blas-Canillejas;208;El Salvador;11.351;5.366;5.985
1 de enero de 2019;28079;Madrid;21; Barajas;211;Alameda de Osuna;19.526;9.391;10.135
1 de enero de 2019;28079;Madrid;21; Barajas;212;Aeropuerto;1.851;952;899
1 de enero de 2019;28079;Madrid;21; Barajas;213;Casco Histórico de Barajas;7.565;3.648;3.917
1 de enero de 2019;28079;Madrid;21; Barajas;214;Timón;12.388;5.916;6.472
1 de enero de 2019;28079;Madrid;21; Barajas;215;Corralejos;7.642;3.746;3.896
1 de enero de 2018;28079;Madrid;1; Centro;11;Palacio;22.515;10.978;11.537
1 de enero de 2018;28079;Madrid;1; Centro;12;Embajadores;44.630;23.031;21.599
1 de enero de 2018;28079;Madrid;1; Centro;13;Cortes;10.531;5.265;5.266
1 de enero de 2018;28079;Madrid;1; Centro;14;Justicia;16.578;8.334;8.244
1 de enero de 2018;28079;Madrid;1; Centro;15;Universidad;30.897;15.040;15.857
1 de enero de 2018;28079;Madrid;1; Centro;16;Sol;7.201;3.672;3.529
1 de enero de 2018;28079;Madrid;2; Arganzuela;21;Imperial;22.719;10.531;12.188
1 de enero de 2018;28079;Madrid;2; Arganzuela;22;Acacias;36.751;16.926;19.825
1 de enero de 2018;28079;Madrid;2; Arganzuela;23;Chopera;19.799;8.919;10.880
1 de enero de 2018;28079;Madrid;2; Arganzuela;24;Legazpi;19.252;9.446;9.806
1 de enero de 2018;28079;Madrid;2; Arganzuela;25;Delicias;27.473;12.736;14.737
1 de enero de 2018;28079;Madrid;2; Arganzuela;26;Palos de la Frontera;25.748;11.919;13.829
1 de enero de 2018;28079;Madrid;2; Arganzuela;27;Atocha;1.165;562;603
1 de enero de 2018;28079;Madrid;3; Retiro;31;Pacífico;33.601;15.000;18.601
1 de enero de 2018;28079;Madrid;3; Retiro;32;Adelfas;18.345;8.427;9.918
1 de enero de 2018;28079;Madrid;3; Retiro;33;Estrella;23.238;10.796;12.442
1 de enero de 2018;28079;Madrid;3; Retiro;34;Ibiza;21.472;9.384;12.088
1 de enero de 2018;28079;Madrid;3; Retiro;35;Los Jerónimos;7.075;3.315;3.760
1 de enero de 2018;28079;Madrid;3; Retiro;36;Niño Jesús;15.280;6.941;8.339
1 de enero de 2018;28079;Madrid;4; Salamanca;41;Recoletos;15.756;7.091;8.665
1 de enero de 2018;28079;Madrid;4; Salamanca;42;Goya;29.604;12.812;16.792
1 de enero de 2018;28079;Madrid;4; Salamanca;43;Fuente del Berro;20.747;9.043;11.704
1 de enero de 2018;28079;Madrid;4; Salamanca;44;Guindalera;41.259;18.570;22.689
1 de enero de 2018;28079;Madrid;4; Salamanca;45;Lista;20.956;9.023;11.933
1 de enero de 2018;28079;Madrid;4; Salamanca;46;Castellana;16.946;7.401;9.545
1 de enero de 2018;28079;Madrid;5; Chamartín;51;El Viso;17.145;7.764;9.381
1 de enero de 2018;28079;Madrid;5; Chamartín;52;Prosperidad;36.522;16.302;20.220
1 de enero de 2018;28079;Madrid;5; Chamartín;53;Ciudad Jardín;18.487;8.146;10.341
1 de enero de 2018;28079;Madrid;5; Chamartín;54;Hispanoamérica;31.373;14.006;17.367
1 de enero de 2018;28079;Madrid;5; Chamartín;55;Nueva España;24.496;11.124;13.372
1 de enero de 2018;28079;Madrid;5; Chamartín;56;Castilla;16.871;7.802;9.069
1 de enero de 2018;28079;Madrid;6; Tetuán;61;Bellas Vistas;28.750;13.056;15.694
1 de enero de 2018;28079;Madrid;6; Tetuán;62;Cuatro Caminos;34.254;15.458;18.796
1 de enero de 2018;28079;Madrid;6; Tetuán;63;Castillejos;20.363;9.209;11.154
1 de enero de 2018;28079;Madrid;6; Tetuán;64;Almenara;22.421;10.209;12.212
1 de enero de 2018;28079;Madrid;6; Tetuán;65;Valdeacederas;25.571;11.835;13.736
1 de enero de 2018;28079;Madrid;6; Tetuán;66;Berruguete;24.608;10.958;13.650
1 de enero de 2018;28079;Madrid;7; Chamberí;71;Gaztambide;22.666;9.929;12.737
1 de enero de 2018;28079;Madrid;7; Chamberí;72;Arapiles;24.335;10.792;13.543
1 de enero de 2018;28079;Madrid;7; Chamberí;73;Trafalgar;24.523;10.922;13.601
1 de enero de 2018;28079;Madrid;7; Chamberí;74;Almagro;19.799;8.737;11.062
1 de enero de 2018;28079;Madrid;7; Chamberí;75;Ríos Rosas;27.049;11.820;15.229
1 de enero de 2018;28079;Madrid;7; Chamberí;76;Vallehermoso;20.046;8.625;11.421
1 de enero de 2018;28079;Madrid;8; Fuencarral-El Pardo;81;El Pardo;3.456;1.689;1.767
1 de enero de 2018;28079;Madrid;8; Fuencarral-El Pardo;82;Fuentelarreina;3.234;1.437;1.797
1 de enero de 2018;28079;Madrid;8; Fuencarral-El Pardo;83;Peñagrande;44.412;20.719;23.693
1 de enero de 2018;28079;Madrid;8; Fuencarral-El Pardo;84;Pilar;46.094;21.107;24.987
1 de enero de 2018;28079;Madrid;8; Fuencarral-El Pardo;85;La Paz;33.783;15.826;17.957
1 de enero de 2018;28079;Madrid;8; Fuencarral-El Pardo;86;Valverde;61.941;29.476;32.465
1 de enero de 2018;28079;Madrid;8; Fuencarral-El Pardo;87;Mirasierra;32.058;15.329;16.729
1 de enero de 2018;28079;Madrid;8; Fuencarral-El Pardo;88;El Goloso;17.950;8.850;9.100
1 de enero de 2018;28079;Madrid;9; Moncloa-Aravaca;91;Casa de Campo;12.900;5.935;6.965
1 de enero de 2018;28079;Madrid;9; Moncloa-Aravaca;92;Argüelles;23.992;10.890;13.102
1 de enero de 2018;28079;Madrid;9; Moncloa-Aravaca;93;Ciudad Universitaria;16.097;7.314;8.783
1 de enero de 2018;28079;Madrid;9; Moncloa-Aravaca;94;Valdezarza;29.418;13.458;15.960
1 de enero de 2018;28079;Madrid;9; Moncloa-Aravaca;95;Valdemarín;6.560;3.018;3.542
1 de enero de 2018;28079;Madrid;9; Moncloa-Aravaca;96;El Plantío;2.720;1.287;1.433
1 de enero de 2018;28079;Madrid;9; Moncloa-Aravaca;97;Aravaca;26.148;12.341;13.807
1 de enero de 2018;28079;Madrid;10; Latina;101;Los Cármenes;17.192;8.102;9.090
1 de enero de 2018;28079;Madrid;10; Latina;102;Puerta del Ángel;41.397;19.061;22.336
1 de enero de 2018;28079;Madrid;10; Latina;103;Lucero;35.488;16.491;18.997
1 de enero de 2018;28079;Madrid;10; Latina;104;Aluche;65.961;30.254;35.707
1 de enero de 2018;28079;Madrid;10; Latina;105;Campamento;18.983;8.828;10.155
1 de enero de 2018;28079;Madrid;10; Latina;106;Cuatro Vientos;5.662;2.870;2.792
1 de enero de 2018;28079;Madrid;10; Latina;107;Águilas;51.102;23.786;27.316
1 de enero de 2018;28079;Madrid;11; Carabanchel;111;Comillas;22.248;10.164;12.084
1 de enero de 2018;28079;Madrid;11; Carabanchel;112;Opañel;32.492;14.796;17.696
1 de enero de 2018;28079;Madrid;11; Carabanchel;113;San Isidro;38.554;17.967;20.587
1 de enero de 2018;28079;Madrid;11; Carabanchel;114;Vista Alegre;45.008;20.480;24.528
1 de enero de 2018;28079;Madrid;11; Carabanchel;115;Puerta Bonita;33.933;15.942;17.991
1 de enero de 2018;28079;Madrid;11; Carabanchel;116;Buenavista;46.216;22.332;23.884
1 de enero de 2018;28079;Madrid;11; Carabanchel;117;Abrantes;29.769;13.844;15.925
1 de enero de 2018;28079;Madrid;12; Usera;121;Orcasitas;22.555;10.634;11.921
1 de enero de 2018;28079;Madrid;12; Usera;122;Orcasur;13.572;6.576;6.996
1 de enero de 2018;28079;Madrid;12; Usera;123;San Fermín;23.209;11.111;12.098
1 de enero de 2018;28079;Madrid;12; Usera;124;Almendrales;20.986;9.824;11.162
1 de enero de 2018;28079;Madrid;12; Usera;125;Moscardó;25.726;11.971;13.755
1 de enero de 2018;28079;Madrid;12; Usera;126;Zofío;13.697;6.371;7.326
1 de enero de 2018;28079;Madrid;12; Usera;127;Pradolongo;17.233;8.095;9.138
1 de enero de 2018;28079;Madrid;13; Puente de Vallecas;131;Entrevías;33.986;16.314;17.672
1 de enero de 2018;28079;Madrid;13; Puente de Vallecas;132;San Diego;40.267;19.037;21.230
1 de enero de 2018;28079;Madrid;13; Puente de Vallecas;133;Palomeras Bajas;39.669;18.614;21.055
1 de enero de 2018;28079;Madrid;13; Puente de Vallecas;134;Palomeras Sureste;42.120;20.115;22.005
1 de enero de 2018;28079;Madrid;13; Puente de Vallecas;135;Portazgo;27.908;13.033;14.875
1 de enero de 2018;28079;Madrid;13; Puente de Vallecas;136;Numancia;46.538;21.931;24.607
1 de enero de 2018;28079;Madrid;14; Moratalaz;141;Pavones;9.081;4.174;4.907
1 de enero de 2018;28079;Madrid;14; Moratalaz;142;Horcajo;6.326;3.031;3.295
1 de enero de 2018;28079;Madrid;14; Moratalaz;143;Marroquina;27.378;12.742;14.636
1 de enero de 2018;28079;Madrid;14; Moratalaz;144;Media Legua;17.757;8.090;9.667
1 de enero de 2018;28079;Madrid;14; Moratalaz;145;Fontarrón;16.902;7.730;9.172
1 de enero de 2018;28079;Madrid;14; Moratalaz;146;Vinateros;16.817;7.436;9.381
1 de enero de 2018;28079;Madrid;15; Ciudad Lineal;151;Ventas;47.744;21.405;26.339
1 de enero de 2018;28079;Madrid;15; Ciudad Lineal;152;Pueblo Nuevo;61.160;28.300;32.860
1 de enero de 2018;28079;Madrid;15; Ciudad Lineal;153;Quintana;24.373;10.743;13.630
1 de enero de 2018;28079;Madrid;15; Ciudad Lineal;154;La Concepción;20.803;9.181;11.622
1 de enero de 2018;28079;Madrid;15; Ciudad Lineal;155;San Pascual;18.068;8.100;9.968
1 de enero de 2018;28079;Madrid;15; Ciudad Lineal;156;San Juan Bautista;12.433;5.782;6.651
1 de enero de 2018;28079;Madrid;15; Ciudad Lineal;157;Colina;6.288;2.835;3.453
1 de enero de 2018;28079;Madrid;15; Ciudad Lineal;158;Atalaya;1.575;656;919
1 de enero de 2018;28079;Madrid;15; Ciudad Lineal;159;Costillares;22.019;10.299;11.720
1 de enero de 2018;28079;Madrid;16; Hortaleza;161;Palomas;6.738;3.292;3.446
1 de enero de 2018;28079;Madrid;16; Hortaleza;162;Piovera;14.723;7.042;7.681
1 de enero de 2018;28079;Madrid;16; Hortaleza;163;Canillas;40.627;18.933;21.694
1 de enero de 2018;28079;Madrid;16; Hortaleza;164;Pinar del Rey;52.274;24.119;28.155
1 de enero de 2018;28079;Madrid;16; Hortaleza;165;Apóstol Santiago;15.271;7.250;8.021
1 de enero de 2018;28079;Madrid;16; Hortaleza;166;Valdefuentes;54.297;26.702;27.595
1 de enero de 2018;28079;Madrid;17; Villaverde;171;Villaverde Alto, Casco Histórico de Villaverde;44.299;21.139;23.160
1 de enero de 2018;28079;Madrid;17; Villaverde;172;San Cristóbal;15.498;7.527;7.971
1 de enero de 2018;28079;Madrid;17; Villaverde;173;Butarque;18.268;8.859;9.409
1 de enero de 2018;28079;Madrid;17; Villaverde;174;Los Rosales;36.975;17.874;19.101
1 de enero de 2018;28079;Madrid;17; Villaverde;175;Ángeles;30.483;14.153;16.330
1 de enero de 2018;28079;Madrid;18; Villa de Vallecas;181;Casco Histórico de Vallecas;39.740;19.128;20.612
1 de enero de 2018;28079;Madrid;18; Villa de Vallecas;182;Santa Eugenia;24.295;11.672;12.623
1 de enero de 2018;28079;Madrid;18; Villa de Vallecas;183;Ensanche de Vallecas;43.614;21.552;22.062
1 de enero de 2018;28079;Madrid;19; Vicálvaro;191;Casco Histórico de Vicálvaro;34.200;16.585;17.615
1 de enero de 2018;28079;Madrid;19; Vicálvaro;192;Valdebernardo;17.637;8.434;9.203
1 de enero de 2018;28079;Madrid;19; Vicálvaro;193;Valderrivas;18.180;8.952;9.228
1 de enero de 2018;28079;Madrid;19; Vicálvaro;194;El Cañaveral;945;490;455
1 de enero de 2018;28079;Madrid;20; San Blas-Canillejas;201;Simancas;27.242;12.851;14.391
1 de enero de 2018;28079;Madrid;20; San Blas-Canillejas;202;Hellín;8.941;4.093;4.848
1 de enero de 2018;28079;Madrid;20; San Blas-Canillejas;203;Amposta;8.346;3.851;4.495
1 de enero de 2018;28079;Madrid;20; San Blas-Canillejas;204;Arcos;23.939;11.203;12.736
1 de enero de 2018;28079;Madrid;20; San Blas-Canillejas;205;Rosas;31.560;15.197;16.363
1 de enero de 2018;28079;Madrid;20; San Blas-Canillejas;206;Rejas;16.315;8.008;8.307
1 de enero de 2018;28079;Madrid;20; San Blas-Canillejas;207;Canillejas;28.519;13.371;15.148
1 de enero de 2018;28079;Madrid;20; San Blas-Canillejas;208;El Salvador;11.287;5.348;5.939
1 de enero de 2018;28079;Madrid;21; Barajas;211;Alameda de Osuna;19.446;9.356;10.090
1 de enero de 2018;28079;Madrid;21; Barajas;212;Aeropuerto;1.794;922;872
1 de enero de 2018;28079;Madrid;21; Barajas;213;Casco Histórico de Barajas;7.336;3.550;3.786
1 de enero de 2018;28079;Madrid;21; Barajas;214;Timón;11.750;5.651;6.099
1 de enero de 2018;28079;Madrid;21; Barajas;215;Corralejos;7.510;3.657;3.853
